0 verbose cli C:\Program Files\nodejs\node.exe C:\Users\sohar\AppData\Roaming\npm\node_modules\npm\bin\npm-cli.js
1 info using npm@11.5.1
2 info using node@v22.17.0
3 silly config load:file:C:\Users\sohar\AppData\Roaming\npm\node_modules\npm\npmrc
4 silly config load:file:C:\Users\sohar\OneDrive\Desktop\aaa\todo-app\todo-app\.npmrc
5 silly config load:file:C:\Users\sohar\.npmrc
6 silly config load:file:C:\Users\sohar\AppData\Roaming\npm\etc\npmrc
7 verbose title npm install
8 verbose argv "install"
9 verbose logfile logs-max:10 dir:C:\Users\sohar\OneDrive\Desktop\aaa\todo-app\clear\_logs\2026-03-06T04_42_32_984Z-
10 verbose logfile C:\Users\sohar\OneDrive\Desktop\aaa\todo-app\clear\_logs\2026-03-06T04_42_32_984Z-debug-0.log
11 silly logfile done cleaning log files
12 silly packumentCache heap:2197815296 maxSize:549453824 maxEntrySize:274726912
13 silly idealTree buildDeps
14 silly fetch manifest react@^19.2.0
15 silly packumentCache full:http://registry.npmjs.org/react cache-miss
16 http fetch GET 200 https://registry.npmjs.org/react 447ms (cache miss)
17 silly packumentCache full:http://registry.npmjs.org/react set size:undefined disposed:false
18 silly fetch manifest react-dom@^19.2.0
19 silly packumentCache full:http://registry.npmjs.org/react-dom cache-miss
20 http fetch GET 200 https://registry.npmjs.org/react-dom 318ms (cache miss)
21 silly packumentCache full:http://registry.npmjs.org/react-dom set size:undefined disposed:false
22 silly fetch manifest @eslint/js@^9.39.1
23 silly packumentCache full:http://registry.npmjs.org/@eslint%2fjs cache-miss
24 http fetch GET 200 https://registry.npmjs.org/@eslint%2Fjs 137ms (cache miss)
25 silly packumentCache full:http://registry.npmjs.org/@eslint%2fjs set size:undefined disposed:false
26 silly fetch manifest @types/react@^19.2.7
27 silly packumentCache full:http://registry.npmjs.org/@types%2freact cache-miss
28 http fetch GET 200 https://registry.npmjs.org/@types%2Freact 144ms (cache miss)
29 silly packumentCache full:http://registry.npmjs.org/@types%2freact set size:undefined disposed:false
30 silly fetch manifest @types/react-dom@^19.2.3
31 silly packumentCache full:http://registry.npmjs.org/@types%2freact-dom cache-miss
32 http fetch GET 200 https://registry.npmjs.org/@types%2Freact-dom 410ms (cache miss)
33 silly packumentCache full:http://registry.npmjs.org/@types%2freact-dom set size:undefined disposed:false
34 silly fetch manifest @vitejs/plugin-react@^5.1.1
35 silly packumentCache full:http://registry.npmjs.org/@vitejs%2fplugin-react cache-miss
36 http fetch GET 200 https://registry.npmjs.org/@vitejs%2Fplugin-react 108ms (cache miss)
37 silly packumentCache full:http://registry.npmjs.org/@vitejs%2fplugin-react set size:undefined disposed:false
38 silly fetch manifest eslint@^9.39.1
39 silly packumentCache full:http://registry.npmjs.org/eslint cache-miss
40 http fetch GET 200 https://registry.npmjs.org/eslint 117ms (cache miss)
41 silly packumentCache full:http://registry.npmjs.org/eslint set size:undefined disposed:false
42 silly fetch manifest eslint-plugin-react-hooks@^7.0.1
43 silly packumentCache full:http://registry.npmjs.org/eslint-plugin-react-hooks cache-miss
44 http fetch GET 200 https://registry.npmjs.org/eslint-plugin-react-hooks 223ms (cache miss)
45 silly packumentCache full:http://registry.npmjs.org/eslint-plugin-react-hooks set size:undefined disposed:false
46 silly fetch manifest eslint-plugin-react-refresh@^0.4.24
47 silly packumentCache full:http://registry.npmjs.org/eslint-plugin-react-refresh cache-miss
48 http fetch GET 200 https://registry.npmjs.org/eslint-plugin-react-refresh 100ms (cache miss)
49 silly packumentCache full:http://registry.npmjs.org/eslint-plugin-react-refresh set size:undefined disposed:false
50 silly fetch manifest globals@^16.5.0
51 silly packumentCache full:http://registry.npmjs.org/globals cache-miss
52 http fetch GET 200 https://registry.npmjs.org/globals 90ms (cache miss)
53 silly packumentCache full:http://registry.npmjs.org/globals set size:undefined disposed:false
54 silly fetch manifest vite@^7.3.1
55 silly packumentCache full:http://registry.npmjs.org/vite cache-miss
56 http fetch GET 200 https://registry.npmjs.org/vite 885ms (cache miss)
57 silly packumentCache full:http://registry.npmjs.org/vite set size:undefined disposed:false
58 silly placeDep ROOT @eslint/js@9.39.3 OK for: todo-app@0.0.0 want: ^9.39.1
59 silly placeDep ROOT @types/react@19.2.14 OK for: todo-app@0.0.0 want: ^19.2.7
60 silly placeDep ROOT @types/react-dom@19.2.3 OK for: todo-app@0.0.0 want: ^19.2.3
61 silly placeDep ROOT @vitejs/plugin-react@5.1.4 OK for: todo-app@0.0.0 want: ^5.1.1
62 silly placeDep ROOT eslint@9.39.3 OK for: todo-app@0.0.0 want: ^9.39.1
63 silly placeDep ROOT eslint-plugin-react-hooks@7.0.1 OK for: todo-app@0.0.0 want: ^7.0.1
64 silly placeDep ROOT eslint-plugin-react-refresh@0.4.26 OK for: todo-app@0.0.0 want: ^0.4.24
65 silly placeDep ROOT globals@16.5.0 OK for: todo-app@0.0.0 want: ^16.5.0
66 silly placeDep ROOT react@19.2.4 OK for: todo-app@0.0.0 want: ^19.2.0
67 silly placeDep ROOT react-dom@19.2.4 OK for: todo-app@0.0.0 want: ^19.2.0
68 silly placeDep ROOT vite@7.3.1 OK for: todo-app@0.0.0 want: ^7.3.1
69 silly fetch manifest csstype@^3.2.2
70 silly packumentCache full:http://registry.npmjs.org/csstype cache-miss
71 silly fetch manifest @babel/core@^7.29.0
72 silly packumentCache full:http://registry.npmjs.org/@babel%2fcore cache-miss
73 silly fetch manifest react-refresh@^0.18.0
74 silly packumentCache full:http://registry.npmjs.org/react-refresh cache-miss
75 silly fetch manifest @types/babel__core@^7.20.5
76 silly packumentCache full:http://registry.npmjs.org/@types%2fbabel__core cache-miss
77 silly fetch manifest @rolldown/pluginutils@1.0.0-rc.3
78 silly packumentCache full:http://registry.npmjs.org/@rolldown%2fpluginutils cache-miss
79 silly fetch manifest @babel/plugin-transform-react-jsx-self@^7.27.1
80 silly packumentCache full:http://registry.npmjs.org/@babel%2fplugin-transform-react-jsx-self cache-miss
81 silly fetch manifest @babel/plugin-transform-react-jsx-source@^7.27.1
82 silly packumentCache full:http://registry.npmjs.org/@babel%2fplugin-transform-react-jsx-source cache-miss
83 silly fetch manifest ajv@^6.12.4
84 silly packumentCache full:http://registry.npmjs.org/ajv cache-miss
85 silly fetch manifest chalk@^4.0.0
86 silly packumentCache full:http://registry.npmjs.org/chalk cache-miss
87 silly fetch manifest debug@^4.3.2
88 silly packumentCache full:http://registry.npmjs.org/debug cache-miss
89 silly fetch manifest espree@^10.4.0
90 silly packumentCache full:http://registry.npmjs.org/espree cache-miss
91 http fetch GET 200 https://registry.npmjs.org/csstype 122ms (cache miss)
92 silly packumentCache full:http://registry.npmjs.org/csstype set size:undefined disposed:false
93 silly fetch manifest ignore@^5.2.0
94 silly packumentCache full:http://registry.npmjs.org/ignore cache-miss
95 http fetch GET 200 https://registry.npmjs.org/ajv 200ms (cache miss)
96 silly packumentCache full:http://registry.npmjs.org/ajv set size:undefined disposed:false
97 silly fetch manifest esquery@^1.5.0
98 silly packumentCache full:http://registry.npmjs.org/esquery cache-miss
99 http fetch GET 200 https://registry.npmjs.org/ignore 218ms (cache miss)
100 silly packumentCache full:http://registry.npmjs.org/ignore set size:undefined disposed:false
101 silly fetch manifest esutils@^2.0.2
102 silly packumentCache full:http://registry.npmjs.org/esutils cache-miss
103 http fetch GET 200 https://registry.npmjs.org/@rolldown%2Fpluginutils 396ms (cache miss)
104 silly packumentCache full:http://registry.npmjs.org/@rolldown%2fpluginutils set size:undefined disposed:false
105 silly fetch manifest find-up@^5.0.0
106 silly packumentCache full:http://registry.npmjs.org/find-up cache-miss
107 http fetch GET 200 https://registry.npmjs.org/espree 436ms (cache miss)
108 silly packumentCache full:http://registry.npmjs.org/espree set size:undefined disposed:false
109 silly fetch manifest is-glob@^4.0.0
110 silly packumentCache full:http://registry.npmjs.org/is-glob cache-miss
111 http fetch GET 200 https://registry.npmjs.org/esquery 231ms (cache miss)
112 silly packumentCache full:http://registry.npmjs.org/esquery set size:undefined disposed:false
113 silly fetch manifest minimatch@^3.1.2
114 silly packumentCache full:http://registry.npmjs.org/minimatch cache-miss
115 http fetch GET 200 https://registry.npmjs.org/@types%2Fbabel__core 501ms (cache miss)
116 silly packumentCache full:http://registry.npmjs.org/@types%2fbabel__core set size:undefined disposed:false
117 silly fetch manifest optionator@^0.9.3
118 silly packumentCache full:http://registry.npmjs.org/optionator cache-miss
119 http fetch GET 200 https://registry.npmjs.org/esutils 171ms (cache miss)
120 silly packumentCache full:http://registry.npmjs.org/esutils set size:undefined disposed:false
121 silly fetch manifest cross-spawn@^7.0.6
122 silly packumentCache full:http://registry.npmjs.org/cross-spawn cache-miss
123 http fetch GET 200 https://registry.npmjs.org/@babel%2Fplugin-transform-react-jsx-self 536ms (cache miss)
124 silly packumentCache full:http://registry.npmjs.org/@babel%2fplugin-transform-react-jsx-self set size:undefined disposed:false
125 silly fetch manifest glob-parent@^6.0.2
126 silly packumentCache full:http://registry.npmjs.org/glob-parent cache-miss
127 http fetch GET 200 https://registry.npmjs.org/debug 555ms (cache miss)
128 silly packumentCache full:http://registry.npmjs.org/debug set size:undefined disposed:false
129 silly fetch manifest imurmurhash@^0.1.4
130 silly packumentCache full:http://registry.npmjs.org/imurmurhash cache-miss
131 http fetch GET 200 https://registry.npmjs.org/@babel%2Fcore 577ms (cache miss)
132 silly packumentCache full:http://registry.npmjs.org/@babel%2fcore set size:undefined disposed:false
133 silly fetch manifest @eslint/core@^0.17.0
134 silly packumentCache full:http://registry.npmjs.org/@eslint%2fcore cache-miss
135 http fetch GET 200 https://registry.npmjs.org/@babel%2Fplugin-transform-react-jsx-source 592ms (cache miss)
136 silly packumentCache full:http://registry.npmjs.org/@babel%2fplugin-transform-react-jsx-source set size:undefined disposed:false
137 silly fetch manifest eslint-scope@^8.4.0
138 silly packumentCache full:http://registry.npmjs.org/eslint-scope cache-miss
139 http fetch GET 200 https://registry.npmjs.org/chalk 600ms (cache miss)
140 silly packumentCache full:http://registry.npmjs.org/chalk set size:undefined disposed:false
141 silly fetch manifest lodash.merge@^4.6.2
142 silly packumentCache full:http://registry.npmjs.org/lodash.merge cache-miss
143 http fetch GET 200 https://registry.npmjs.org/find-up 223ms (cache miss)
144 silly packumentCache full:http://registry.npmjs.org/find-up set size:undefined disposed:false
145 silly fetch manifest @humanfs/node@^0.16.6
146 silly packumentCache full:http://registry.npmjs.org/@humanfs%2fnode cache-miss
147 http fetch GET 200 https://registry.npmjs.org/is-glob 203ms (cache miss)
148 silly packumentCache full:http://registry.npmjs.org/is-glob set size:undefined disposed:false
149 silly fetch manifest @types/estree@^1.0.6
150 silly packumentCache full:http://registry.npmjs.org/@types%2festree cache-miss
151 http fetch GET 200 https://registry.npmjs.org/optionator 181ms (cache miss)
152 silly packumentCache full:http://registry.npmjs.org/optionator set size:undefined disposed:false
153 silly fetch manifest fast-deep-equal@^3.1.3
154 silly packumentCache full:http://registry.npmjs.org/fast-deep-equal cache-miss
155 http fetch GET 200 https://registry.npmjs.org/minimatch 222ms (cache miss)
156 silly packumentCache full:http://registry.npmjs.org/minimatch set size:undefined disposed:false
157 silly fetch manifest natural-compare@^1.4.0
158 silly packumentCache full:http://registry.npmjs.org/natural-compare cache-miss
159 http fetch GET 200 https://registry.npmjs.org/imurmurhash 153ms (cache miss)
160 silly packumentCache full:http://registry.npmjs.org/imurmurhash set size:undefined disposed:false
161 silly fetch manifest @eslint/eslintrc@^3.3.1
162 silly packumentCache full:http://registry.npmjs.org/@eslint%2feslintrc cache-miss
163 http fetch GET 200 https://registry.npmjs.org/glob-parent 187ms (cache miss)
164 silly packumentCache full:http://registry.npmjs.org/glob-parent set size:undefined disposed:false
165 silly fetch manifest file-entry-cache@^8.0.0
166 silly packumentCache full:http://registry.npmjs.org/file-entry-cache cache-miss
167 http fetch GET 200 https://registry.npmjs.org/cross-spawn 217ms (cache miss)
168 silly packumentCache full:http://registry.npmjs.org/cross-spawn set size:undefined disposed:false
169 silly fetch manifest @eslint/plugin-kit@^0.4.1
170 silly packumentCache full:http://registry.npmjs.org/@eslint%2fplugin-kit cache-miss
171 http fetch GET 200 https://registry.npmjs.org/@eslint%2Fcore 187ms (cache miss)
172 silly packumentCache full:http://registry.npmjs.org/@eslint%2fcore set size:undefined disposed:false
173 silly fetch manifest eslint-visitor-keys@^4.2.1
174 silly packumentCache full:http://registry.npmjs.org/eslint-visitor-keys cache-miss
175 http fetch GET 200 https://registry.npmjs.org/eslint-scope 184ms (cache miss)
176 silly packumentCache full:http://registry.npmjs.org/eslint-scope set size:undefined disposed:false
177 silly fetch manifest @eslint/config-array@^0.21.1
178 silly packumentCache full:http://registry.npmjs.org/@eslint%2fconfig-array cache-miss
179 http fetch GET 200 https://registry.npmjs.org/lodash.merge 199ms (cache miss)
180 silly packumentCache full:http://registry.npmjs.org/lodash.merge set size:undefined disposed:false
181 silly fetch manifest @humanwhocodes/retry@^0.4.2
182 silly packumentCache full:http://registry.npmjs.org/@humanwhocodes%2fretry cache-miss
183 http fetch GET 200 https://registry.npmjs.org/@humanfs%2Fnode 195ms (cache miss)
184 silly packumentCache full:http://registry.npmjs.org/@humanfs%2fnode set size:undefined disposed:false
185 silly fetch manifest escape-string-regexp@^4.0.0
186 silly packumentCache full:http://registry.npmjs.org/escape-string-regexp cache-miss
187 http fetch GET 200 https://registry.npmjs.org/@types%2Festree 208ms (cache miss)
188 silly packumentCache full:http://registry.npmjs.org/@types%2festree set size:undefined disposed:false
189 silly fetch manifest @eslint/config-helpers@^0.4.2
190 silly packumentCache full:http://registry.npmjs.org/@eslint%2fconfig-helpers cache-miss
191 http fetch GET 200 https://registry.npmjs.org/fast-deep-equal 184ms (cache miss)
192 silly packumentCache full:http://registry.npmjs.org/fast-deep-equal set size:undefined disposed:false
193 silly fetch manifest @eslint-community/regexpp@^4.12.1
194 silly packumentCache full:http://registry.npmjs.org/@eslint-community%2fregexpp cache-miss
195 http fetch GET 200 https://registry.npmjs.org/natural-compare 190ms (cache miss)
196 silly packumentCache full:http://registry.npmjs.org/natural-compare set size:undefined disposed:false
197 silly fetch manifest @eslint-community/eslint-utils@^4.8.0
198 silly packumentCache full:http://registry.npmjs.org/@eslint-community%2feslint-utils cache-miss
199 http fetch GET 200 https://registry.npmjs.org/file-entry-cache 206ms (cache miss)
200 silly packumentCache full:http://registry.npmjs.org/file-entry-cache set size:undefined disposed:false
201 silly fetch manifest @humanwhocodes/module-importer@^1.0.1
202 silly packumentCache full:http://registry.npmjs.org/@humanwhocodes%2fmodule-importer cache-miss
203 http fetch GET 200 https://registry.npmjs.org/@eslint%2Feslintrc 234ms (cache miss)
204 silly packumentCache full:http://registry.npmjs.org/@eslint%2feslintrc set size:undefined disposed:false
205 silly fetch manifest json-stable-stringify-without-jsonify@^1.0.1
206 silly packumentCache full:http://registry.npmjs.org/json-stable-stringify-without-jsonify cache-miss
207 http fetch GET 200 https://registry.npmjs.org/eslint-visitor-keys 190ms (cache miss)
208 silly packumentCache full:http://registry.npmjs.org/eslint-visitor-keys set size:undefined disposed:false
209 silly fetch manifest zod@^3.25.0 || ^4.0.0
210 silly packumentCache full:http://registry.npmjs.org/zod cache-miss
211 http fetch GET 200 https://registry.npmjs.org/@eslint%2Fplugin-kit 222ms (cache miss)
212 silly packumentCache full:http://registry.npmjs.org/@eslint%2fplugin-kit set size:undefined disposed:false
213 silly fetch manifest @babel/core@^7.24.4
214 silly packumentCache full:http://registry.npmjs.org/@babel%2fcore cache-miss
215 http fetch GET 200 https://registry.npmjs.org/@eslint%2Fconfig-array 207ms (cache miss)
216 silly packumentCache full:http://registry.npmjs.org/@eslint%2fconfig-array set size:undefined disposed:false
217 silly fetch manifest @babel/parser@^7.24.4
218 silly packumentCache full:http://registry.npmjs.org/@babel%2fparser cache-miss
219 http fetch GET 200 https://registry.npmjs.org/@humanwhocodes%2Fretry 195ms (cache miss)
220 silly packumentCache full:http://registry.npmjs.org/@humanwhocodes%2fretry set size:undefined disposed:false
221 silly fetch manifest hermes-parser@^0.25.1
222 silly packumentCache full:http://registry.npmjs.org/hermes-parser cache-miss
223 http fetch GET 200 https://registry.npmjs.org/escape-string-regexp 219ms (cache miss)
224 silly packumentCache full:http://registry.npmjs.org/escape-string-regexp set size:undefined disposed:false
225 silly fetch manifest zod-validation-error@^3.5.0 || ^4.0.0
226 silly packumentCache full:http://registry.npmjs.org/zod-validation-error cache-miss
227 http fetch GET 200 https://registry.npmjs.org/@eslint%2Fconfig-helpers 215ms (cache miss)
228 silly packumentCache full:http://registry.npmjs.org/@eslint%2fconfig-helpers set size:undefined disposed:false
229 silly fetch manifest scheduler@^0.27.0
230 silly packumentCache full:http://registry.npmjs.org/scheduler cache-miss
231 http fetch GET 200 https://registry.npmjs.org/@eslint-community%2Feslint-utils 200ms (cache miss)
232 silly packumentCache full:http://registry.npmjs.org/@eslint-community%2feslint-utils set size:undefined disposed:false
233 silly fetch manifest fdir@^6.5.0
234 silly packumentCache full:http://registry.npmjs.org/fdir cache-miss
235 http fetch GET 200 https://registry.npmjs.org/@eslint-community%2Fregexpp 236ms (cache miss)
236 silly packumentCache full:http://registry.npmjs.org/@eslint-community%2fregexpp set size:undefined disposed:false
237 silly fetch manifest rollup@^4.43.0
238 silly packumentCache full:http://registry.npmjs.org/rollup cache-miss
239 http fetch GET 200 https://registry.npmjs.org/json-stable-stringify-without-jsonify 196ms (cache miss)
240 silly packumentCache full:http://registry.npmjs.org/json-stable-stringify-without-jsonify set size:undefined disposed:false
241 silly fetch manifest esbuild@^0.27.0
242 silly packumentCache full:http://registry.npmjs.org/esbuild cache-miss
243 http fetch GET 200 https://registry.npmjs.org/@humanwhocodes%2Fmodule-importer 220ms (cache miss)
244 silly packumentCache full:http://registry.npmjs.org/@humanwhocodes%2fmodule-importer set size:undefined disposed:false
245 silly fetch manifest postcss@^8.5.6
246 silly packumentCache full:http://registry.npmjs.org/postcss cache-miss
247 http cache https://registry.npmjs.org/@babel%2Fcore 232ms (cache hit)
248 silly packumentCache full:http://registry.npmjs.org/@babel%2fcore set size:756140 disposed:false
249 silly fetch manifest picomatch@^4.0.3
250 silly packumentCache full:http://registry.npmjs.org/picomatch cache-miss
251 http fetch GET 200 https://registry.npmjs.org/hermes-parser 251ms (cache miss)
252 silly packumentCache full:http://registry.npmjs.org/hermes-parser set size:undefined disposed:false
253 silly fetch manifest tinyglobby@^0.2.15
254 silly packumentCache full:http://registry.npmjs.org/tinyglobby cache-miss
255 http fetch GET 200 https://registry.npmjs.org/zod-validation-error 240ms (cache miss)
256 silly packumentCache full:http://registry.npmjs.org/zod-validation-error set size:undefined disposed:false
257 silly fetch manifest fsevents@~2.3.3
258 silly packumentCache full:http://registry.npmjs.org/fsevents cache-miss
259 http fetch GET 200 https://registry.npmjs.org/fdir 398ms (cache miss)
260 silly packumentCache full:http://registry.npmjs.org/fdir set size:undefined disposed:false
261 http fetch GET 200 https://registry.npmjs.org/@babel%2Fparser 541ms (cache miss)
262 silly packumentCache full:http://registry.npmjs.org/@babel%2fparser set size:undefined disposed:false
263 http fetch GET 200 https://registry.npmjs.org/tinyglobby 298ms (cache miss)
264 silly packumentCache full:http://registry.npmjs.org/tinyglobby set size:undefined disposed:false
265 http fetch GET 200 https://registry.npmjs.org/picomatch 349ms (cache miss)
266 silly packumentCache full:http://registry.npmjs.org/picomatch set size:undefined disposed:false
267 http fetch GET 200 https://registry.npmjs.org/fsevents 320ms (cache miss)
268 silly packumentCache full:http://registry.npmjs.org/fsevents set size:undefined disposed:false
269 http fetch GET 200 https://registry.npmjs.org/postcss 467ms (cache miss)
270 silly packumentCache full:http://registry.npmjs.org/postcss set size:undefined disposed:false
271 http fetch GET 200 https://registry.npmjs.org/esbuild 516ms (cache miss)
272 silly packumentCache full:http://registry.npmjs.org/esbuild set size:undefined disposed:false
273 http fetch GET 200 https://registry.npmjs.org/react-refresh 1713ms (cache miss)
274 silly packumentCache full:http://registry.npmjs.org/react-refresh set size:undefined disposed:false
275 http fetch GET 200 https://registry.npmjs.org/zod 880ms (cache miss)
276 silly packumentCache full:http://registry.npmjs.org/zod set size:undefined disposed:false
277 http fetch GET 200 https://registry.npmjs.org/scheduler 903ms (cache miss)
278 silly packumentCache full:http://registry.npmjs.org/scheduler set size:undefined disposed:false
279 http fetch GET 200 https://registry.npmjs.org/rollup 942ms (cache miss)
280 silly packumentCache full:http://registry.npmjs.org/rollup set size:undefined disposed:false
281 silly placeDep ROOT csstype@3.2.3 OK for: @types/react@19.2.14 want: ^3.2.2
282 silly placeDep ROOT @babel/core@7.29.0 OK for: @vitejs/plugin-react@5.1.4 want: ^7.29.0
283 silly placeDep ROOT @babel/plugin-transform-react-jsx-self@7.27.1 OK for: @vitejs/plugin-react@5.1.4 want: ^7.27.1
284 silly placeDep ROOT @babel/plugin-transform-react-jsx-source@7.27.1 OK for: @vitejs/plugin-react@5.1.4 want: ^7.27.1
285 silly placeDep ROOT @rolldown/pluginutils@1.0.0-rc.3 OK for: @vitejs/plugin-react@5.1.4 want: 1.0.0-rc.3
286 silly placeDep ROOT @types/babel__core@7.20.5 OK for: @vitejs/plugin-react@5.1.4 want: ^7.20.5
287 silly placeDep ROOT react-refresh@0.18.0 OK for: @vitejs/plugin-react@5.1.4 want: ^0.18.0
288 silly fetch manifest debug@^4.1.0
289 silly packumentCache full:http://registry.npmjs.org/debug cache-miss
290 silly fetch manifest json5@^2.2.3
291 silly packumentCache full:http://registry.npmjs.org/json5 cache-miss
292 silly fetch manifest semver@^6.3.1
293 silly packumentCache full:http://registry.npmjs.org/semver cache-miss
294 silly fetch manifest gensync@^1.0.0-beta.2
295 silly packumentCache full:http://registry.npmjs.org/gensync cache-miss
296 silly fetch manifest @babel/types@^7.29.0
297 silly packumentCache full:http://registry.npmjs.org/@babel%2ftypes cache-miss
298 silly fetch manifest @babel/parser@^7.29.0
299 silly packumentCache full:http://registry.npmjs.org/@babel%2fparser cache-miss
300 silly fetch manifest @babel/helpers@^7.28.6
301 silly packumentCache full:http://registry.npmjs.org/@babel%2fhelpers cache-miss
302 silly fetch manifest @babel/template@^7.28.6
303 silly packumentCache full:http://registry.npmjs.org/@babel%2ftemplate cache-miss
304 silly fetch manifest @babel/traverse@^7.29.0
305 silly packumentCache full:http://registry.npmjs.org/@babel%2ftraverse cache-miss
306 silly fetch manifest @babel/generator@^7.29.0
307 silly packumentCache full:http://registry.npmjs.org/@babel%2fgenerator cache-miss
308 silly fetch manifest @babel/code-frame@^7.29.0
309 silly packumentCache full:http://registry.npmjs.org/@babel%2fcode-frame cache-miss
310 http cache https://registry.npmjs.org/@babel%2Fparser 151ms (cache hit)
311 silly packumentCache full:http://registry.npmjs.org/@babel%2fparser set size:714217 disposed:false
312 silly fetch manifest convert-source-map@^2.0.0
313 silly packumentCache full:http://registry.npmjs.org/convert-source-map cache-miss
314 http cache https://registry.npmjs.org/debug 178ms (cache hit)
315 silly packumentCache full:http://registry.npmjs.org/debug set size:195840 disposed:false
316 silly fetch manifest @jridgewell/remapping@^2.3.5
317 silly packumentCache full:http://registry.npmjs.org/@jridgewell%2fremapping cache-miss
318 http fetch GET 200 https://registry.npmjs.org/json5 207ms (cache miss)
319 silly packumentCache full:http://registry.npmjs.org/json5 set size:undefined disposed:false
320 silly fetch manifest @babel/helper-module-transforms@^7.28.6
321 silly packumentCache full:http://registry.npmjs.org/@babel%2fhelper-module-transforms cache-miss
322 http fetch GET 200 https://registry.npmjs.org/@babel%2Ftemplate 371ms (cache miss)
323 silly packumentCache full:http://registry.npmjs.org/@babel%2ftemplate set size:undefined disposed:false
324 silly fetch manifest @babel/helper-compilation-targets@^7.28.6
325 silly packumentCache full:http://registry.npmjs.org/@babel%2fhelper-compilation-targets cache-miss
326 http fetch GET 200 https://registry.npmjs.org/@babel%2Fcode-frame 389ms (cache miss)
327 silly packumentCache full:http://registry.npmjs.org/@babel%2fcode-frame set size:undefined disposed:false
328 silly fetch manifest @babel/helper-plugin-utils@^7.27.1
329 silly packumentCache full:http://registry.npmjs.org/@babel%2fhelper-plugin-utils cache-miss
330 http fetch GET 200 https://registry.npmjs.org/convert-source-map 249ms (cache miss)
331 silly packumentCache full:http://registry.npmjs.org/convert-source-map set size:undefined disposed:false
332 silly fetch manifest @babel/helper-plugin-utils@^7.27.1
333 silly packumentCache full:http://registry.npmjs.org/@babel%2fhelper-plugin-utils cache-miss
334 http fetch GET 200 https://registry.npmjs.org/@babel%2Fhelpers 424ms (cache miss)
335 silly packumentCache full:http://registry.npmjs.org/@babel%2fhelpers set size:undefined disposed:false
336 silly fetch manifest @babel/types@^7.20.7
337 silly packumentCache full:http://registry.npmjs.org/@babel%2ftypes cache-miss
338 http fetch GET 200 https://registry.npmjs.org/@babel%2Ftypes 445ms (cache miss)
339 silly packumentCache full:http://registry.npmjs.org/@babel%2ftypes set size:undefined disposed:false
340 silly fetch manifest @babel/parser@^7.20.7
341 silly packumentCache full:http://registry.npmjs.org/@babel%2fparser cache-hit
342 silly fetch manifest @types/babel__template@*
343 silly packumentCache full:http://registry.npmjs.org/@types%2fbabel__template cache-miss
344 http fetch GET 200 https://registry.npmjs.org/@jridgewell%2Fremapping 283ms (cache miss)
345 silly packumentCache full:http://registry.npmjs.org/@jridgewell%2fremapping set size:undefined disposed:false
346 silly fetch manifest @types/babel__traverse@*
347 silly packumentCache full:http://registry.npmjs.org/@types%2fbabel__traverse cache-miss
348 http fetch GET 200 https://registry.npmjs.org/@babel%2Fgenerator 469ms (cache miss)
349 silly packumentCache full:http://registry.npmjs.org/@babel%2fgenerator set size:undefined disposed:false
350 silly fetch manifest @types/babel__generator@*
351 silly packumentCache full:http://registry.npmjs.org/@types%2fbabel__generator cache-miss
352 http fetch GET 200 https://registry.npmjs.org/semver 511ms (cache miss)
353 silly packumentCache full:http://registry.npmjs.org/semver set size:undefined disposed:false
354 http fetch GET 200 https://registry.npmjs.org/@babel%2Fhelper-module-transforms 313ms (cache miss)
355 silly packumentCache full:http://registry.npmjs.org/@babel%2fhelper-module-transforms set size:undefined disposed:false
356 http fetch GET 200 https://registry.npmjs.org/@babel%2Ftraverse 561ms (cache miss)
357 silly packumentCache full:http://registry.npmjs.org/@babel%2ftraverse set size:undefined disposed:false
358 http fetch GET 200 https://registry.npmjs.org/@babel%2Fhelper-plugin-utils 182ms (cache miss)
359 silly packumentCache full:http://registry.npmjs.org/@babel%2fhelper-plugin-utils set size:undefined disposed:false
360 http cache https://registry.npmjs.org/@babel%2Ftypes 153ms (cache hit)
361 silly packumentCache full:http://registry.npmjs.org/@babel%2ftypes set size:485839 disposed:false
362 http fetch GET 200 https://registry.npmjs.org/@babel%2Fhelper-plugin-utils 172ms (cache miss)
363 silly packumentCache full:http://registry.npmjs.org/@babel%2fhelper-plugin-utils set size:undefined disposed:false
364 http fetch GET 200 https://registry.npmjs.org/@types%2Fbabel__template 143ms (cache miss)
365 silly packumentCache full:http://registry.npmjs.org/@types%2fbabel__template set size:undefined disposed:false
366 http fetch GET 200 https://registry.npmjs.org/@types%2Fbabel__generator 139ms (cache miss)
367 silly packumentCache full:http://registry.npmjs.org/@types%2fbabel__generator set size:undefined disposed:false
368 http fetch GET 200 https://registry.npmjs.org/@types%2Fbabel__traverse 153ms (cache miss)
369 silly packumentCache full:http://registry.npmjs.org/@types%2fbabel__traverse set size:undefined disposed:false
370 http fetch GET 200 https://registry.npmjs.org/gensync 910ms (cache miss)
371 silly packumentCache full:http://registry.npmjs.org/gensync set size:undefined disposed:false
372 http fetch GET 200 https://registry.npmjs.org/@babel%2Fhelper-compilation-targets 976ms (cache miss)
373 silly packumentCache full:http://registry.npmjs.org/@babel%2fhelper-compilation-targets set size:undefined disposed:false
374 silly placeDep ROOT @babel/code-frame@7.29.0 OK for: @babel/core@7.29.0 want: ^7.29.0
375 silly placeDep ROOT @babel/generator@7.29.1 OK for: @babel/core@7.29.0 want: ^7.29.0
376 silly placeDep ROOT @babel/helper-compilation-targets@7.28.6 OK for: @babel/core@7.29.0 want: ^7.28.6
377 silly placeDep ROOT @babel/helper-module-transforms@7.28.6 OK for: @babel/core@7.29.0 want: ^7.28.6
378 silly placeDep ROOT @babel/helpers@7.28.6 OK for: @babel/core@7.29.0 want: ^7.28.6
379 silly placeDep ROOT @babel/parser@7.29.0 OK for: @babel/core@7.29.0 want: ^7.29.0
380 silly placeDep ROOT @babel/template@7.28.6 OK for: @babel/core@7.29.0 want: ^7.28.6
381 silly placeDep ROOT @babel/traverse@7.29.0 OK for: @babel/core@7.29.0 want: ^7.29.0
382 silly placeDep ROOT @babel/types@7.29.0 OK for: @babel/core@7.29.0 want: ^7.29.0
383 silly placeDep ROOT @jridgewell/remapping@2.3.5 OK for: @babel/core@7.29.0 want: ^2.3.5
384 silly placeDep ROOT convert-source-map@2.0.0 OK for: @babel/core@7.29.0 want: ^2.0.0
385 silly placeDep ROOT debug@4.4.3 OK for: @babel/core@7.29.0 want: ^4.1.0
386 silly placeDep ROOT gensync@1.0.0-beta.2 OK for: @babel/core@7.29.0 want: ^1.0.0-beta.2
387 silly placeDep ROOT json5@2.2.3 OK for: @babel/core@7.29.0 want: ^2.2.3
388 silly placeDep ROOT semver@6.3.1 OK for: @babel/core@7.29.0 want: ^6.3.1
389 silly fetch manifest js-tokens@^4.0.0
390 silly packumentCache full:http://registry.npmjs.org/js-tokens cache-miss
391 silly fetch manifest picocolors@^1.1.1
392 silly packumentCache full:http://registry.npmjs.org/picocolors cache-miss
393 silly fetch manifest @babel/helper-validator-identifier@^7.28.5
394 silly packumentCache full:http://registry.npmjs.org/@babel%2fhelper-validator-identifier cache-miss
395 silly fetch manifest jsesc@^3.0.2
396 silly packumentCache full:http://registry.npmjs.org/jsesc cache-miss
397 silly fetch manifest @jridgewell/gen-mapping@^0.3.12
398 silly packumentCache full:http://registry.npmjs.org/@jridgewell%2fgen-mapping cache-miss
399 silly fetch manifest @jridgewell/trace-mapping@^0.3.28
400 silly packumentCache full:http://registry.npmjs.org/@jridgewell%2ftrace-mapping cache-miss
401 silly fetch manifest lru-cache@^5.1.1
402 silly packumentCache full:http://registry.npmjs.org/lru-cache cache-miss
403 silly fetch manifest browserslist@^4.24.0
404 silly packumentCache full:http://registry.npmjs.org/browserslist cache-miss
405 silly fetch manifest @babel/compat-data@^7.28.6
406 silly packumentCache full:http://registry.npmjs.org/@babel%2fcompat-data cache-miss
407 silly fetch manifest @babel/helper-validator-option@^7.27.1
408 silly packumentCache full:http://registry.npmjs.org/@babel%2fhelper-validator-option cache-miss
409 silly fetch manifest @babel/traverse@^7.28.6
410 silly packumentCache full:http://registry.npmjs.org/@babel%2ftraverse cache-miss
411 http fetch GET 200 https://registry.npmjs.org/picocolors 292ms (cache miss)
412 silly packumentCache full:http://registry.npmjs.org/picocolors set size:undefined disposed:false
413 silly fetch manifest @babel/helper-module-imports@^7.28.6
414 silly packumentCache full:http://registry.npmjs.org/@babel%2fhelper-module-imports cache-miss
415 http cache https://registry.npmjs.org/@babel%2Ftraverse 293ms (cache hit)
416 silly packumentCache full:http://registry.npmjs.org/@babel%2ftraverse set size:546499 disposed:false
417 silly fetch manifest @babel/helper-validator-identifier@^7.28.5
418 silly packumentCache full:http://registry.npmjs.org/@babel%2fhelper-validator-identifier cache-miss
419 http fetch GET 200 https://registry.npmjs.org/jsesc 318ms (cache miss)
420 silly packumentCache full:http://registry.npmjs.org/jsesc set size:undefined disposed:false
421 silly fetch manifest @babel/types@^7.28.6
422 silly packumentCache full:http://registry.npmjs.org/@babel%2ftypes cache-hit
423 silly fetch manifest debug@^4.3.1
424 silly packumentCache full:http://registry.npmjs.org/debug cache-hit
425 silly fetch manifest @babel/helper-globals@^7.28.0
426 silly packumentCache full:http://registry.npmjs.org/@babel%2fhelper-globals cache-miss
427 http fetch GET 200 https://registry.npmjs.org/js-tokens 407ms (cache miss)
428 silly packumentCache full:http://registry.npmjs.org/js-tokens set size:undefined disposed:false
429 silly fetch manifest @babel/helper-string-parser@^7.27.1
430 silly packumentCache full:http://registry.npmjs.org/@babel%2fhelper-string-parser cache-miss
431 http fetch GET 200 https://registry.npmjs.org/@babel%2Fhelper-validator-identifier 412ms (cache miss)
432 silly packumentCache full:http://registry.npmjs.org/@babel%2fhelper-validator-identifier set size:undefined disposed:false
433 silly fetch manifest @jridgewell/gen-mapping@^0.3.5
434 silly packumentCache full:http://registry.npmjs.org/@jridgewell%2fgen-mapping cache-miss
435 http fetch GET 200 https://registry.npmjs.org/@babel%2Fhelper-validator-option 425ms (cache miss)
436 silly packumentCache full:http://registry.npmjs.org/@babel%2fhelper-validator-option set size:undefined disposed:false
437 silly fetch manifest @jridgewell/trace-mapping@^0.3.24
438 silly packumentCache full:http://registry.npmjs.org/@jridgewell%2ftrace-mapping cache-miss
439 http fetch GET 200 https://registry.npmjs.org/@babel%2Fcompat-data 470ms (cache miss)
440 silly packumentCache full:http://registry.npmjs.org/@babel%2fcompat-data set size:undefined disposed:false
441 silly fetch manifest ms@^2.1.3
442 silly packumentCache full:http://registry.npmjs.org/ms cache-miss
443 http cache https://registry.npmjs.org/@babel%2Fhelper-validator-identifier 188ms (cache hit)
444 silly packumentCache full:http://registry.npmjs.org/@babel%2fhelper-validator-identifier set size:114475 disposed:false
445 http fetch GET 200 https://registry.npmjs.org/browserslist 495ms (cache miss)
446 silly packumentCache full:http://registry.npmjs.org/browserslist set size:undefined disposed:false
447 http fetch GET 200 https://registry.npmjs.org/lru-cache 508ms (cache miss)
448 silly packumentCache full:http://registry.npmjs.org/lru-cache set size:undefined disposed:false
449 http fetch GET 200 https://registry.npmjs.org/@babel%2Fhelper-module-imports 238ms (cache miss)
450 silly packumentCache full:http://registry.npmjs.org/@babel%2fhelper-module-imports set size:undefined disposed:false
451 http fetch GET 200 https://registry.npmjs.org/@babel%2Fhelper-globals 215ms (cache miss)
452 silly packumentCache full:http://registry.npmjs.org/@babel%2fhelper-globals set size:undefined disposed:false
453 http fetch GET 200 https://registry.npmjs.org/@babel%2Fhelper-string-parser 137ms (cache miss)
454 silly packumentCache full:http://registry.npmjs.org/@babel%2fhelper-string-parser set size:undefined disposed:false
455 http fetch GET 200 https://registry.npmjs.org/ms 104ms (cache miss)
456 silly packumentCache full:http://registry.npmjs.org/ms set size:undefined disposed:false
457 http fetch GET 200 https://registry.npmjs.org/@jridgewell%2Ftrace-mapping 649ms (cache miss)
458 silly packumentCache full:http://registry.npmjs.org/@jridgewell%2ftrace-mapping set size:undefined disposed:false
459 http fetch GET 200 https://registry.npmjs.org/@jridgewell%2Ftrace-mapping 428ms (cache miss)
460 silly packumentCache full:http://registry.npmjs.org/@jridgewell%2ftrace-mapping set size:undefined disposed:false
461 http fetch GET 200 https://registry.npmjs.org/@jridgewell%2Fgen-mapping 1180ms (cache miss)
462 silly packumentCache full:http://registry.npmjs.org/@jridgewell%2fgen-mapping set size:undefined disposed:false
463 http fetch GET 200 https://registry.npmjs.org/@jridgewell%2Fgen-mapping 1000ms (cache miss)
464 silly packumentCache full:http://registry.npmjs.org/@jridgewell%2fgen-mapping set size:undefined disposed:false
465 silly placeDep ROOT @babel/helper-validator-identifier@7.28.5 OK for: @babel/code-frame@7.29.0 want: ^7.28.5
466 silly placeDep ROOT js-tokens@4.0.0 OK for: @babel/code-frame@7.29.0 want: ^4.0.0
467 silly placeDep ROOT picocolors@1.1.1 OK for: @babel/code-frame@7.29.0 want: ^1.1.1
468 silly placeDep ROOT @jridgewell/gen-mapping@0.3.13 OK for: @babel/generator@7.29.1 want: ^0.3.12
469 silly placeDep ROOT @jridgewell/trace-mapping@0.3.31 OK for: @babel/generator@7.29.1 want: ^0.3.28
470 silly placeDep ROOT jsesc@3.1.0 OK for: @babel/generator@7.29.1 want: ^3.0.2
471 silly fetch manifest @jridgewell/sourcemap-codec@^1.5.0
472 silly packumentCache full:http://registry.npmjs.org/@jridgewell%2fsourcemap-codec cache-miss
473 silly fetch manifest @jridgewell/resolve-uri@^3.1.0
474 silly packumentCache full:http://registry.npmjs.org/@jridgewell%2fresolve-uri cache-miss
475 silly fetch manifest @jridgewell/sourcemap-codec@^1.4.14
476 silly packumentCache full:http://registry.npmjs.org/@jridgewell%2fsourcemap-codec cache-miss
477 http fetch GET 200 https://registry.npmjs.org/@jridgewell%2Fsourcemap-codec 373ms (cache miss)
478 silly packumentCache full:http://registry.npmjs.org/@jridgewell%2fsourcemap-codec set size:undefined disposed:false
479 http fetch GET 200 https://registry.npmjs.org/@jridgewell%2Fsourcemap-codec 882ms (cache miss)
480 silly packumentCache full:http://registry.npmjs.org/@jridgewell%2fsourcemap-codec set size:undefined disposed:false
481 http fetch GET 200 https://registry.npmjs.org/@jridgewell%2Fresolve-uri 987ms (cache miss)
482 silly packumentCache full:http://registry.npmjs.org/@jridgewell%2fresolve-uri set size:undefined disposed:false
483 silly placeDep ROOT @babel/compat-data@7.29.0 OK for: @babel/helper-compilation-targets@7.28.6 want: ^7.28.6
484 silly placeDep ROOT @babel/helper-validator-option@7.27.1 OK for: @babel/helper-compilation-targets@7.28.6 want: ^7.27.1
485 silly placeDep ROOT browserslist@4.28.1 OK for: @babel/helper-compilation-targets@7.28.6 want: ^4.24.0
486 silly placeDep ROOT lru-cache@5.1.1 OK for: @babel/helper-compilation-targets@7.28.6 want: ^5.1.1
487 silly fetch manifest baseline-browser-mapping@^2.9.0
488 silly packumentCache full:http://registry.npmjs.org/baseline-browser-mapping cache-miss
489 silly fetch manifest caniuse-lite@^1.0.30001759
490 silly packumentCache full:http://registry.npmjs.org/caniuse-lite cache-miss
491 silly fetch manifest electron-to-chromium@^1.5.263
492 silly packumentCache full:http://registry.npmjs.org/electron-to-chromium cache-miss
493 silly fetch manifest node-releases@^2.0.27
494 silly packumentCache full:http://registry.npmjs.org/node-releases cache-miss
495 silly fetch manifest update-browserslist-db@^1.2.0
496 silly packumentCache full:http://registry.npmjs.org/update-browserslist-db cache-miss
497 silly fetch manifest yallist@^3.0.2
498 silly packumentCache full:http://registry.npmjs.org/yallist cache-miss
499 http fetch GET 200 https://registry.npmjs.org/update-browserslist-db 125ms (cache miss)
500 silly packumentCache full:http://registry.npmjs.org/update-browserslist-db set size:undefined disposed:false
501 http fetch GET 200 https://registry.npmjs.org/yallist 129ms (cache miss)
502 silly packumentCache full:http://registry.npmjs.org/yallist set size:undefined disposed:false
503 http fetch GET 200 https://registry.npmjs.org/baseline-browser-mapping 136ms (cache miss)
504 silly packumentCache full:http://registry.npmjs.org/baseline-browser-mapping set size:undefined disposed:false
505 http fetch GET 200 https://registry.npmjs.org/node-releases 151ms (cache miss)
506 silly packumentCache full:http://registry.npmjs.org/node-releases set size:undefined disposed:false
507 http fetch GET 200 https://registry.npmjs.org/caniuse-lite 233ms (cache miss)
508 silly packumentCache full:http://registry.npmjs.org/caniuse-lite set size:undefined disposed:false
509 http fetch GET 200 https://registry.npmjs.org/electron-to-chromium 300ms (cache miss)
510 silly packumentCache full:http://registry.npmjs.org/electron-to-chromium set size:undefined disposed:false
511 silly placeDep ROOT @babel/helper-module-imports@7.28.6 OK for: @babel/helper-module-transforms@7.28.6 want: ^7.28.6
512 silly placeDep ROOT @babel/helper-plugin-utils@7.28.6 OK for: @babel/plugin-transform-react-jsx-self@7.27.1 want: ^7.27.1
513 silly placeDep ROOT @babel/helper-globals@7.28.0 OK for: @babel/traverse@7.29.0 want: ^7.28.0
514 silly placeDep ROOT @babel/helper-string-parser@7.27.1 OK for: @babel/types@7.29.0 want: ^7.27.1
515 silly placeDep ROOT @jridgewell/sourcemap-codec@1.5.5 OK for: @jridgewell/gen-mapping@0.3.13 want: ^1.5.0
516 silly placeDep ROOT @jridgewell/resolve-uri@3.1.2 OK for: @jridgewell/trace-mapping@0.3.31 want: ^3.1.0
517 silly placeDep ROOT @types/babel__generator@7.27.0 OK for: @types/babel__core@7.20.5 want: *
518 silly placeDep ROOT @types/babel__template@7.4.4 OK for: @types/babel__core@7.20.5 want: *
519 silly placeDep ROOT @types/babel__traverse@7.28.0 OK for: @types/babel__core@7.20.5 want: *
520 silly placeDep ROOT baseline-browser-mapping@2.10.0 OK for: browserslist@4.28.1 want: ^2.9.0
521 silly placeDep ROOT caniuse-lite@1.0.30001776 OK for: browserslist@4.28.1 want: ^1.0.30001759
522 silly placeDep ROOT electron-to-chromium@1.5.307 OK for: browserslist@4.28.1 want: ^1.5.263
523 silly placeDep ROOT node-releases@2.0.36 OK for: browserslist@4.28.1 want: ^2.0.27
524 silly placeDep ROOT update-browserslist-db@1.2.3 OK for: browserslist@4.28.1 want: ^1.2.0
525 silly fetch manifest escalade@^3.2.0
526 silly packumentCache full:http://registry.npmjs.org/escalade cache-miss
527 http fetch GET 200 https://registry.npmjs.org/escalade 73ms (cache miss)
528 silly packumentCache full:http://registry.npmjs.org/escalade set size:undefined disposed:false
529 silly placeDep ROOT ms@2.1.3 OK for: debug@4.4.3 want: ^2.1.3
530 silly placeDep ROOT @eslint-community/eslint-utils@4.9.1 OK for: eslint@9.39.3 want: ^4.8.0
531 silly placeDep ROOT @eslint-community/regexpp@4.12.2 OK for: eslint@9.39.3 want: ^4.12.1
532 silly placeDep ROOT @eslint/config-array@0.21.1 OK for: eslint@9.39.3 want: ^0.21.1
533 silly placeDep ROOT @eslint/config-helpers@0.4.2 OK for: eslint@9.39.3 want: ^0.4.2
534 silly placeDep ROOT @eslint/core@0.17.0 OK for: eslint@9.39.3 want: ^0.17.0
535 silly placeDep ROOT @eslint/eslintrc@3.3.4 OK for: eslint@9.39.3 want: ^3.3.1
536 silly placeDep ROOT @eslint/plugin-kit@0.4.1 OK for: eslint@9.39.3 want: ^0.4.1
537 silly placeDep ROOT @humanfs/node@0.16.7 OK for: eslint@9.39.3 want: ^0.16.6
538 silly placeDep ROOT @humanwhocodes/module-importer@1.0.1 OK for: eslint@9.39.3 want: ^1.0.1
539 silly placeDep ROOT @humanwhocodes/retry@0.4.3 OK for: eslint@9.39.3 want: ^0.4.2
540 silly placeDep ROOT @types/estree@1.0.8 OK for: eslint@9.39.3 want: ^1.0.6
541 silly placeDep ROOT ajv@6.14.0 OK for: eslint@9.39.3 want: ^6.12.4
542 silly placeDep ROOT chalk@4.1.2 OK for: eslint@9.39.3 want: ^4.0.0
543 silly placeDep ROOT cross-spawn@7.0.6 OK for: eslint@9.39.3 want: ^7.0.6
544 silly placeDep ROOT escape-string-regexp@4.0.0 OK for: eslint@9.39.3 want: ^4.0.0
545 silly placeDep ROOT eslint-scope@8.4.0 OK for: eslint@9.39.3 want: ^8.4.0
546 silly placeDep ROOT eslint-visitor-keys@4.2.1 OK for: eslint@9.39.3 want: ^4.2.1
547 silly placeDep ROOT espree@10.4.0 OK for: eslint@9.39.3 want: ^10.4.0
548 silly placeDep ROOT esquery@1.7.0 OK for: eslint@9.39.3 want: ^1.5.0
549 silly placeDep ROOT esutils@2.0.3 OK for: eslint@9.39.3 want: ^2.0.2
550 silly placeDep ROOT fast-deep-equal@3.1.3 OK for: eslint@9.39.3 want: ^3.1.3
551 silly placeDep ROOT file-entry-cache@8.0.0 OK for: eslint@9.39.3 want: ^8.0.0
552 silly placeDep ROOT find-up@5.0.0 OK for: eslint@9.39.3 want: ^5.0.0
553 silly placeDep ROOT glob-parent@6.0.2 OK for: eslint@9.39.3 want: ^6.0.2
554 silly placeDep ROOT ignore@5.3.2 OK for: eslint@9.39.3 want: ^5.2.0
555 silly placeDep ROOT imurmurhash@0.1.4 OK for: eslint@9.39.3 want: ^0.1.4
556 silly placeDep ROOT is-glob@4.0.3 OK for: eslint@9.39.3 want: ^4.0.0
557 silly placeDep ROOT json-stable-stringify-without-jsonify@1.0.1 OK for: eslint@9.39.3 want: ^1.0.1
558 silly placeDep ROOT lodash.merge@4.6.2 OK for: eslint@9.39.3 want: ^4.6.2
559 silly placeDep ROOT minimatch@3.1.5 OK for: eslint@9.39.3 want: ^3.1.2
560 silly placeDep ROOT natural-compare@1.4.0 OK for: eslint@9.39.3 want: ^1.4.0
561 silly placeDep ROOT optionator@0.9.4 OK for: eslint@9.39.3 want: ^0.9.3
562 silly fetch manifest eslint-visitor-keys@^3.4.3
563 silly packumentCache full:http://registry.npmjs.org/eslint-visitor-keys cache-miss
564 silly fetch manifest @eslint/object-schema@^2.1.7
565 silly packumentCache full:http://registry.npmjs.org/@eslint%2fobject-schema cache-miss
566 silly fetch manifest @types/json-schema@^7.0.15
567 silly packumentCache full:http://registry.npmjs.org/@types%2fjson-schema cache-miss
568 silly fetch manifest ajv@^6.14.0
569 silly packumentCache full:http://registry.npmjs.org/ajv cache-miss
570 silly fetch manifest espree@^10.0.1
571 silly packumentCache full:http://registry.npmjs.org/espree cache-miss
572 silly fetch manifest globals@^14.0.0
573 silly packumentCache full:http://registry.npmjs.org/globals cache-miss
574 silly fetch manifest import-fresh@^3.2.1
575 silly packumentCache full:http://registry.npmjs.org/import-fresh cache-miss
576 silly fetch manifest js-yaml@^4.1.1
577 silly packumentCache full:http://registry.npmjs.org/js-yaml cache-miss
578 silly fetch manifest minimatch@^3.1.3
579 silly packumentCache full:http://registry.npmjs.org/minimatch cache-miss
580 silly fetch manifest strip-json-comments@^3.1.1
581 silly packumentCache full:http://registry.npmjs.org/strip-json-comments cache-miss
582 silly fetch manifest levn@^0.4.1
583 silly packumentCache full:http://registry.npmjs.org/levn cache-miss
584 http cache https://registry.npmjs.org/espree 110ms (cache hit)
585 silly packumentCache full:http://registry.npmjs.org/espree set size:323320 disposed:false
586 silly fetch manifest @humanwhocodes/retry@^0.4.0
587 silly packumentCache full:http://registry.npmjs.org/@humanwhocodes%2fretry cache-miss
588 http cache https://registry.npmjs.org/eslint-visitor-keys 127ms (cache hit)
589 silly packumentCache full:http://registry.npmjs.org/eslint-visitor-keys set size:69949 disposed:false
590 silly fetch manifest @humanfs/core@^0.19.1
591 silly packumentCache full:http://registry.npmjs.org/@humanfs%2fcore cache-miss
592 http cache https://registry.npmjs.org/ajv 145ms (cache hit)
593 silly packumentCache full:http://registry.npmjs.org/ajv set size:1120197 disposed:false
594 silly fetch manifest fast-deep-equal@^3.1.1
595 silly packumentCache full:http://registry.npmjs.org/fast-deep-equal cache-miss
596 http cache https://registry.npmjs.org/minimatch 169ms (cache hit)
597 silly packumentCache full:http://registry.npmjs.org/minimatch set size:352359 disposed:false
598 silly fetch manifest fast-json-stable-stringify@^2.0.0
599 silly packumentCache full:http://registry.npmjs.org/fast-json-stable-stringify cache-miss
600 http cache https://registry.npmjs.org/globals 190ms (cache hit)
601 silly packumentCache full:http://registry.npmjs.org/globals set size:308609 disposed:false
602 silly fetch manifest json-schema-traverse@^0.4.1
603 silly packumentCache full:http://registry.npmjs.org/json-schema-traverse cache-miss
604 http fetch GET 200 https://registry.npmjs.org/@eslint%2Fobject-schema 229ms (cache miss)
605 silly packumentCache full:http://registry.npmjs.org/@eslint%2fobject-schema set size:undefined disposed:false
606 silly fetch manifest uri-js@^4.2.2
607 silly packumentCache full:http://registry.npmjs.org/uri-js cache-miss
608 http fetch GET 200 https://registry.npmjs.org/import-fresh 239ms (cache miss)
609 silly packumentCache full:http://registry.npmjs.org/import-fresh set size:undefined disposed:false
610 silly fetch manifest ansi-styles@^4.1.0
611 silly packumentCache full:http://registry.npmjs.org/ansi-styles cache-miss
612 http fetch GET 200 https://registry.npmjs.org/levn 239ms (cache miss)
613 silly packumentCache full:http://registry.npmjs.org/levn set size:undefined disposed:false
614 silly fetch manifest supports-color@^7.1.0
615 silly packumentCache full:http://registry.npmjs.org/supports-color cache-miss
616 http fetch GET 200 https://registry.npmjs.org/strip-json-comments 248ms (cache miss)
617 silly packumentCache full:http://registry.npmjs.org/strip-json-comments set size:undefined disposed:false
618 silly fetch manifest which@^2.0.1
619 silly packumentCache full:http://registry.npmjs.org/which cache-miss
620 http fetch GET 200 https://registry.npmjs.org/@types%2Fjson-schema 261ms (cache miss)
621 silly packumentCache full:http://registry.npmjs.org/@types%2fjson-schema set size:undefined disposed:false
622 silly fetch manifest path-key@^3.1.0
623 silly packumentCache full:http://registry.npmjs.org/path-key cache-miss
624 http fetch GET 200 https://registry.npmjs.org/js-yaml 292ms (cache miss)
625 silly packumentCache full:http://registry.npmjs.org/js-yaml set size:undefined disposed:false
626 silly fetch manifest shebang-command@^2.0.0
627 silly packumentCache full:http://registry.npmjs.org/shebang-command cache-miss
628 http fetch GET 200 https://registry.npmjs.org/@humanfs%2Fcore 213ms (cache miss)
629 silly packumentCache full:http://registry.npmjs.org/@humanfs%2fcore set size:undefined disposed:false
630 silly fetch manifest esrecurse@^4.3.0
631 silly packumentCache full:http://registry.npmjs.org/esrecurse cache-miss
632 http cache https://registry.npmjs.org/@humanwhocodes%2Fretry 241ms (cache hit)
633 silly packumentCache full:http://registry.npmjs.org/@humanwhocodes%2fretry set size:42348 disposed:false
634 silly fetch manifest estraverse@^5.2.0
635 silly packumentCache full:http://registry.npmjs.org/estraverse cache-miss
636 http cache https://registry.npmjs.org/fast-deep-equal 211ms (cache hit)
637 silly packumentCache full:http://registry.npmjs.org/fast-deep-equal set size:48634 disposed:false
638 silly fetch manifest acorn@^8.15.0
639 silly packumentCache full:http://registry.npmjs.org/acorn cache-miss
640 http fetch GET 200 https://registry.npmjs.org/fast-json-stable-stringify 202ms (cache miss)
641 silly packumentCache full:http://registry.npmjs.org/fast-json-stable-stringify set size:undefined disposed:false
642 silly fetch manifest acorn-jsx@^5.3.2
643 silly packumentCache full:http://registry.npmjs.org/acorn-jsx cache-miss
644 http fetch GET 200 https://registry.npmjs.org/json-schema-traverse 186ms (cache miss)
645 silly packumentCache full:http://registry.npmjs.org/json-schema-traverse set size:undefined disposed:false
646 silly fetch manifest estraverse@^5.1.0
647 silly packumentCache full:http://registry.npmjs.org/estraverse cache-miss
648 http fetch GET 200 https://registry.npmjs.org/path-key 155ms (cache miss)
649 silly packumentCache full:http://registry.npmjs.org/path-key set size:undefined disposed:false
650 silly fetch manifest flat-cache@^4.0.0
651 silly packumentCache full:http://registry.npmjs.org/flat-cache cache-miss
652 http fetch GET 200 https://registry.npmjs.org/shebang-command 130ms (cache miss)
653 silly packumentCache full:http://registry.npmjs.org/shebang-command set size:undefined disposed:false
654 silly fetch manifest locate-path@^6.0.0
655 silly packumentCache full:http://registry.npmjs.org/locate-path cache-miss
656 http fetch GET 200 https://registry.npmjs.org/uri-js 201ms (cache miss)
657 silly packumentCache full:http://registry.npmjs.org/uri-js set size:undefined disposed:false
658 silly fetch manifest path-exists@^4.0.0
659 silly packumentCache full:http://registry.npmjs.org/path-exists cache-miss
660 http fetch GET 200 https://registry.npmjs.org/ansi-styles 202ms (cache miss)
661 silly packumentCache full:http://registry.npmjs.org/ansi-styles set size:undefined disposed:false
662 silly fetch manifest is-glob@^4.0.3
663 silly packumentCache full:http://registry.npmjs.org/is-glob cache-miss
664 http fetch GET 200 https://registry.npmjs.org/which 196ms (cache miss)
665 silly packumentCache full:http://registry.npmjs.org/which set size:undefined disposed:false
666 silly fetch manifest is-extglob@^2.1.1
667 silly packumentCache full:http://registry.npmjs.org/is-extglob cache-miss
668 http fetch GET 200 https://registry.npmjs.org/supports-color 225ms (cache miss)
669 silly packumentCache full:http://registry.npmjs.org/supports-color set size:undefined disposed:false
670 silly fetch manifest brace-expansion@^1.1.7
671 silly packumentCache full:http://registry.npmjs.org/brace-expansion cache-miss
672 http fetch GET 200 https://registry.npmjs.org/esrecurse 179ms (cache miss)
673 silly packumentCache full:http://registry.npmjs.org/esrecurse set size:undefined disposed:false
674 silly fetch manifest prelude-ls@^1.2.1
675 silly packumentCache full:http://registry.npmjs.org/prelude-ls cache-miss
676 http fetch GET 200 https://registry.npmjs.org/estraverse 179ms (cache miss)
677 silly packumentCache full:http://registry.npmjs.org/estraverse set size:undefined disposed:false
678 silly fetch manifest deep-is@^0.1.3
679 silly packumentCache full:http://registry.npmjs.org/deep-is cache-miss
680 http fetch GET 200 https://registry.npmjs.org/estraverse 187ms (cache miss)
681 silly packumentCache full:http://registry.npmjs.org/estraverse set size:undefined disposed:false
682 silly fetch manifest word-wrap@^1.2.5
683 silly packumentCache full:http://registry.npmjs.org/word-wrap cache-miss
684 http fetch GET 200 https://registry.npmjs.org/locate-path 157ms (cache miss)
685 silly packumentCache full:http://registry.npmjs.org/locate-path set size:undefined disposed:false
686 silly fetch manifest type-check@^0.4.0
687 silly packumentCache full:http://registry.npmjs.org/type-check cache-miss
688 http fetch GET 200 https://registry.npmjs.org/path-exists 188ms (cache miss)
689 silly packumentCache full:http://registry.npmjs.org/path-exists set size:undefined disposed:false
690 silly fetch manifest fast-levenshtein@^2.0.6
691 silly packumentCache full:http://registry.npmjs.org/fast-levenshtein cache-miss
692 http fetch GET 200 https://registry.npmjs.org/acorn-jsx 276ms (cache miss)
693 silly packumentCache full:http://registry.npmjs.org/acorn-jsx set size:undefined disposed:false
694 http cache https://registry.npmjs.org/is-glob 222ms (cache hit)
695 silly packumentCache full:http://registry.npmjs.org/is-glob set size:40530 disposed:false
696 http fetch GET 200 https://registry.npmjs.org/is-extglob 218ms (cache miss)
697 silly packumentCache full:http://registry.npmjs.org/is-extglob set size:undefined disposed:false
698 http fetch GET 200 https://registry.npmjs.org/acorn 313ms (cache miss)
699 silly packumentCache full:http://registry.npmjs.org/acorn set size:undefined disposed:false
700 http fetch GET 200 https://registry.npmjs.org/flat-cache 288ms (cache miss)
701 silly packumentCache full:http://registry.npmjs.org/flat-cache set size:undefined disposed:false
702 http fetch GET 200 https://registry.npmjs.org/prelude-ls 198ms (cache miss)
703 silly packumentCache full:http://registry.npmjs.org/prelude-ls set size:undefined disposed:false
704 http fetch GET 200 https://registry.npmjs.org/brace-expansion 261ms (cache miss)
705 silly packumentCache full:http://registry.npmjs.org/brace-expansion set size:undefined disposed:false
706 http fetch GET 200 https://registry.npmjs.org/deep-is 195ms (cache miss)
707 silly packumentCache full:http://registry.npmjs.org/deep-is set size:undefined disposed:false
708 http fetch GET 200 https://registry.npmjs.org/word-wrap 182ms (cache miss)
709 silly packumentCache full:http://registry.npmjs.org/word-wrap set size:undefined disposed:false
710 http fetch GET 200 https://registry.npmjs.org/fast-levenshtein 144ms (cache miss)
711 silly packumentCache full:http://registry.npmjs.org/fast-levenshtein set size:undefined disposed:false
712 http fetch GET 200 https://registry.npmjs.org/type-check 182ms (cache miss)
713 silly packumentCache full:http://registry.npmjs.org/type-check set size:undefined disposed:false
714 silly placeDep node_modules/@eslint-community/eslint-utils eslint-visitor-keys@3.4.3 OK for: @eslint-community/eslint-utils@4.9.1 want: ^3.4.3
715 silly placeDep ROOT @eslint/object-schema@2.1.7 OK for: @eslint/config-array@0.21.1 want: ^2.1.7
716 silly placeDep ROOT @types/json-schema@7.0.15 OK for: @eslint/core@0.17.0 want: ^7.0.15
717 silly placeDep node_modules/@eslint/eslintrc globals@14.0.0 OK for: @eslint/eslintrc@3.3.4 want: ^14.0.0
718 silly placeDep ROOT import-fresh@3.3.1 OK for: @eslint/eslintrc@3.3.4 want: ^3.2.1
719 silly placeDep ROOT js-yaml@4.1.1 OK for: @eslint/eslintrc@3.3.4 want: ^4.1.1
720 silly placeDep ROOT strip-json-comments@3.1.1 OK for: @eslint/eslintrc@3.3.4 want: ^3.1.1
721 silly fetch manifest resolve-from@^4.0.0
722 silly packumentCache full:http://registry.npmjs.org/resolve-from cache-miss
723 silly fetch manifest parent-module@^1.0.0
724 silly packumentCache full:http://registry.npmjs.org/parent-module cache-miss
725 silly fetch manifest argparse@^2.0.1
726 silly packumentCache full:http://registry.npmjs.org/argparse cache-miss
727 http fetch GET 200 https://registry.npmjs.org/parent-module 88ms (cache miss)
728 silly packumentCache full:http://registry.npmjs.org/parent-module set size:undefined disposed:false
729 http fetch GET 200 https://registry.npmjs.org/resolve-from 92ms (cache miss)
730 silly packumentCache full:http://registry.npmjs.org/resolve-from set size:undefined disposed:false
731 http fetch GET 200 https://registry.npmjs.org/argparse 94ms (cache miss)
732 silly packumentCache full:http://registry.npmjs.org/argparse set size:undefined disposed:false
733 silly placeDep ROOT levn@0.4.1 OK for: @eslint/plugin-kit@0.4.1 want: ^0.4.1
734 silly fetch manifest type-check@~0.4.0
735 silly packumentCache full:http://registry.npmjs.org/type-check cache-miss
736 http cache https://registry.npmjs.org/type-check 46ms (cache hit)
737 silly packumentCache full:http://registry.npmjs.org/type-check set size:21221 disposed:false
738 silly placeDep ROOT @humanfs/core@0.19.1 OK for: @humanfs/node@0.16.7 want: ^0.19.1
739 silly placeDep ROOT fast-json-stable-stringify@2.1.0 OK for: ajv@6.14.0 want: ^2.0.0
740 silly placeDep ROOT json-schema-traverse@0.4.1 OK for: ajv@6.14.0 want: ^0.4.1
741 silly placeDep ROOT uri-js@4.4.1 OK for: ajv@6.14.0 want: ^4.2.2
742 silly fetch manifest punycode@^2.1.0
743 silly packumentCache full:http://registry.npmjs.org/punycode cache-miss
744 http fetch GET 200 https://registry.npmjs.org/punycode 82ms (cache miss)
745 silly packumentCache full:http://registry.npmjs.org/punycode set size:undefined disposed:false
746 silly placeDep ROOT ansi-styles@4.3.0 OK for: chalk@4.1.2 want: ^4.1.0
747 silly placeDep ROOT supports-color@7.2.0 OK for: chalk@4.1.2 want: ^7.1.0
748 silly fetch manifest color-convert@^2.0.1
749 silly packumentCache full:http://registry.npmjs.org/color-convert cache-miss
750 silly fetch manifest has-flag@^4.0.0
751 silly packumentCache full:http://registry.npmjs.org/has-flag cache-miss
752 http fetch GET 200 https://registry.npmjs.org/has-flag 92ms (cache miss)
753 silly packumentCache full:http://registry.npmjs.org/has-flag set size:undefined disposed:false
754 http fetch GET 200 https://registry.npmjs.org/color-convert 93ms (cache miss)
755 silly packumentCache full:http://registry.npmjs.org/color-convert set size:undefined disposed:false
756 silly placeDep ROOT color-convert@2.0.1 OK for: ansi-styles@4.3.0 want: ^2.0.1
757 silly fetch manifest color-name@~1.1.4
758 silly packumentCache full:http://registry.npmjs.org/color-name cache-miss
759 http fetch GET 200 https://registry.npmjs.org/color-name 85ms (cache miss)
760 silly packumentCache full:http://registry.npmjs.org/color-name set size:undefined disposed:false
761 silly placeDep ROOT color-name@1.1.4 OK for: color-convert@2.0.1 want: ~1.1.4
762 silly placeDep ROOT path-key@3.1.1 OK for: cross-spawn@7.0.6 want: ^3.1.0
763 silly placeDep ROOT shebang-command@2.0.0 OK for: cross-spawn@7.0.6 want: ^2.0.0
764 silly placeDep ROOT which@2.0.2 OK for: cross-spawn@7.0.6 want: ^2.0.1
765 silly fetch manifest shebang-regex@^3.0.0
766 silly packumentCache full:http://registry.npmjs.org/shebang-regex cache-miss
767 silly fetch manifest isexe@^2.0.0
768 silly packumentCache full:http://registry.npmjs.org/isexe cache-miss
769 http fetch GET 200 https://registry.npmjs.org/shebang-regex 89ms (cache miss)
770 silly packumentCache full:http://registry.npmjs.org/shebang-regex set size:undefined disposed:false
771 http fetch GET 200 https://registry.npmjs.org/isexe 92ms (cache miss)
772 silly packumentCache full:http://registry.npmjs.org/isexe set size:undefined disposed:false
773 silly placeDep ROOT hermes-parser@0.25.1 OK for: eslint-plugin-react-hooks@7.0.1 want: ^0.25.1
774 silly placeDep ROOT zod@4.3.6 OK for: eslint-plugin-react-hooks@7.0.1 want: ^3.25.0 || ^4.0.0
775 silly placeDep ROOT zod-validation-error@4.0.2 OK for: eslint-plugin-react-hooks@7.0.1 want: ^3.5.0 || ^4.0.0
776 silly fetch manifest hermes-estree@0.25.1
777 silly packumentCache full:http://registry.npmjs.org/hermes-estree cache-miss
778 http fetch GET 200 https://registry.npmjs.org/hermes-estree 98ms (cache miss)
779 silly packumentCache full:http://registry.npmjs.org/hermes-estree set size:undefined disposed:false
780 silly placeDep ROOT esrecurse@4.3.0 OK for: eslint-scope@8.4.0 want: ^4.3.0
781 silly placeDep ROOT estraverse@5.3.0 OK for: eslint-scope@8.4.0 want: ^5.2.0
782 silly placeDep ROOT acorn@8.16.0 OK for: espree@10.4.0 want: ^8.15.0
783 silly placeDep ROOT acorn-jsx@5.3.2 OK for: espree@10.4.0 want: ^5.3.2
784 silly placeDep ROOT flat-cache@4.0.1 OK for: file-entry-cache@8.0.0 want: ^4.0.0
785 silly fetch manifest keyv@^4.5.4
786 silly packumentCache full:http://registry.npmjs.org/keyv cache-miss
787 silly fetch manifest flatted@^3.2.9
788 silly packumentCache full:http://registry.npmjs.org/flatted cache-miss
789 http fetch GET 200 https://registry.npmjs.org/flatted 93ms (cache miss)
790 silly packumentCache full:http://registry.npmjs.org/flatted set size:undefined disposed:false
791 http fetch GET 200 https://registry.npmjs.org/keyv 100ms (cache miss)
792 silly packumentCache full:http://registry.npmjs.org/keyv set size:undefined disposed:false
793 silly placeDep ROOT locate-path@6.0.0 OK for: find-up@5.0.0 want: ^6.0.0
794 silly placeDep ROOT path-exists@4.0.0 OK for: find-up@5.0.0 want: ^4.0.0
795 silly fetch manifest p-locate@^5.0.0
796 silly packumentCache full:http://registry.npmjs.org/p-locate cache-miss
797 http fetch GET 200 https://registry.npmjs.org/p-locate 77ms (cache miss)
798 silly packumentCache full:http://registry.npmjs.org/p-locate set size:undefined disposed:false
799 silly placeDep ROOT flatted@3.3.4 OK for: flat-cache@4.0.1 want: ^3.2.9
800 silly placeDep ROOT keyv@4.5.4 OK for: flat-cache@4.0.1 want: ^4.5.4
801 silly fetch manifest json-buffer@3.0.1
802 silly packumentCache full:http://registry.npmjs.org/json-buffer cache-miss
803 http fetch GET 200 https://registry.npmjs.org/json-buffer 93ms (cache miss)
804 silly packumentCache full:http://registry.npmjs.org/json-buffer set size:undefined disposed:false
805 silly placeDep ROOT hermes-estree@0.25.1 OK for: hermes-parser@0.25.1 want: 0.25.1
806 silly placeDep ROOT parent-module@1.0.1 OK for: import-fresh@3.3.1 want: ^1.0.0
807 silly placeDep ROOT resolve-from@4.0.0 OK for: import-fresh@3.3.1 want: ^4.0.0
808 silly fetch manifest callsites@^3.0.0
809 silly packumentCache full:http://registry.npmjs.org/callsites cache-miss
810 http fetch GET 200 https://registry.npmjs.org/callsites 76ms (cache miss)
811 silly packumentCache full:http://registry.npmjs.org/callsites set size:undefined disposed:false
812 silly placeDep ROOT is-extglob@2.1.1 OK for: is-glob@4.0.3 want: ^2.1.1
813 silly placeDep ROOT argparse@2.0.1 OK for: js-yaml@4.1.1 want: ^2.0.1
814 silly placeDep ROOT json-buffer@3.0.1 OK for: keyv@4.5.4 want: 3.0.1
815 silly placeDep ROOT prelude-ls@1.2.1 OK for: levn@0.4.1 want: ^1.2.1
816 silly placeDep ROOT type-check@0.4.0 OK for: levn@0.4.1 want: ~0.4.0
817 silly placeDep ROOT p-locate@5.0.0 OK for: locate-path@6.0.0 want: ^5.0.0
818 silly fetch manifest p-limit@^3.0.2
819 silly packumentCache full:http://registry.npmjs.org/p-limit cache-miss
820 http fetch GET 200 https://registry.npmjs.org/p-limit 90ms (cache miss)
821 silly packumentCache full:http://registry.npmjs.org/p-limit set size:undefined disposed:false
822 silly placeDep ROOT yallist@3.1.1 OK for: lru-cache@5.1.1 want: ^3.0.2
823 silly placeDep ROOT brace-expansion@1.1.12 OK for: minimatch@3.1.5 want: ^1.1.7
824 silly fetch manifest concat-map@0.0.1
825 silly packumentCache full:http://registry.npmjs.org/concat-map cache-miss
826 silly fetch manifest balanced-match@^1.0.0
827 silly packumentCache full:http://registry.npmjs.org/balanced-match cache-miss
828 http fetch GET 200 https://registry.npmjs.org/concat-map 84ms (cache miss)
829 silly packumentCache full:http://registry.npmjs.org/concat-map set size:undefined disposed:false
830 http fetch GET 200 https://registry.npmjs.org/balanced-match 86ms (cache miss)
831 silly packumentCache full:http://registry.npmjs.org/balanced-match set size:undefined disposed:false
832 silly placeDep ROOT balanced-match@1.0.2 OK for: brace-expansion@1.1.12 want: ^1.0.0
833 silly placeDep ROOT concat-map@0.0.1 OK for: brace-expansion@1.1.12 want: 0.0.1
834 silly placeDep ROOT deep-is@0.1.4 OK for: optionator@0.9.4 want: ^0.1.3
835 silly placeDep ROOT fast-levenshtein@2.0.6 OK for: optionator@0.9.4 want: ^2.0.6
836 silly placeDep ROOT word-wrap@1.2.5 OK for: optionator@0.9.4 want: ^1.2.5
837 silly placeDep ROOT p-limit@3.1.0 OK for: p-locate@5.0.0 want: ^3.0.2
838 silly fetch manifest yocto-queue@^0.1.0
839 silly packumentCache full:http://registry.npmjs.org/yocto-queue cache-miss
840 http fetch GET 200 https://registry.npmjs.org/yocto-queue 88ms (cache miss)
841 silly packumentCache full:http://registry.npmjs.org/yocto-queue set size:undefined disposed:false
842 silly placeDep ROOT yocto-queue@0.1.0 OK for: p-limit@3.1.0 want: ^0.1.0
843 silly placeDep ROOT callsites@3.1.0 OK for: parent-module@1.0.1 want: ^3.0.0
844 silly placeDep ROOT scheduler@0.27.0 OK for: react-dom@19.2.4 want: ^0.27.0
845 silly placeDep ROOT shebang-regex@3.0.0 OK for: shebang-command@2.0.0 want: ^3.0.0
846 silly placeDep ROOT has-flag@4.0.0 OK for: supports-color@7.2.0 want: ^4.0.0
847 silly placeDep ROOT escalade@3.2.0 OK for: update-browserslist-db@1.2.3 want: ^3.2.0
848 silly placeDep ROOT punycode@2.3.1 OK for: uri-js@4.4.1 want: ^2.1.0
849 silly placeDep ROOT esbuild@0.27.3 OK for: vite@7.3.1 want: ^0.27.0
850 silly placeDep ROOT fdir@6.5.0 OK for: vite@7.3.1 want: ^6.5.0
851 silly placeDep ROOT fsevents@2.3.3 OK for: vite@7.3.1 want: ~2.3.3
852 silly placeDep ROOT picomatch@4.0.3 OK for: vite@7.3.1 want: ^4.0.3
853 silly placeDep ROOT postcss@8.5.8 OK for: vite@7.3.1 want: ^8.5.6
854 silly placeDep ROOT rollup@4.59.0 OK for: vite@7.3.1 want: ^4.43.0
855 silly placeDep ROOT tinyglobby@0.2.15 OK for: vite@7.3.1 want: ^0.2.15
856 silly fetch manifest @esbuild/aix-ppc64@0.27.3
857 silly packumentCache full:http://registry.npmjs.org/@esbuild%2faix-ppc64 cache-miss
858 silly fetch manifest @esbuild/android-arm@0.27.3
859 silly packumentCache full:http://registry.npmjs.org/@esbuild%2fandroid-arm cache-miss
860 silly fetch manifest @esbuild/android-arm64@0.27.3
861 silly packumentCache full:http://registry.npmjs.org/@esbuild%2fandroid-arm64 cache-miss
862 silly fetch manifest @esbuild/android-x64@0.27.3
863 silly packumentCache full:http://registry.npmjs.org/@esbuild%2fandroid-x64 cache-miss
864 silly fetch manifest @esbuild/darwin-arm64@0.27.3
865 silly packumentCache full:http://registry.npmjs.org/@esbuild%2fdarwin-arm64 cache-miss
866 silly fetch manifest @esbuild/darwin-x64@0.27.3
867 silly packumentCache full:http://registry.npmjs.org/@esbuild%2fdarwin-x64 cache-miss
868 silly fetch manifest @esbuild/freebsd-arm64@0.27.3
869 silly packumentCache full:http://registry.npmjs.org/@esbuild%2ffreebsd-arm64 cache-miss
870 silly fetch manifest @esbuild/freebsd-x64@0.27.3
871 silly packumentCache full:http://registry.npmjs.org/@esbuild%2ffreebsd-x64 cache-miss
872 silly fetch manifest @esbuild/linux-arm@0.27.3
873 silly packumentCache full:http://registry.npmjs.org/@esbuild%2flinux-arm cache-miss
874 silly fetch manifest @esbuild/linux-arm64@0.27.3
875 silly packumentCache full:http://registry.npmjs.org/@esbuild%2flinux-arm64 cache-miss
876 silly fetch manifest @esbuild/linux-ia32@0.27.3
877 silly packumentCache full:http://registry.npmjs.org/@esbuild%2flinux-ia32 cache-miss
878 http fetch GET 200 https://registry.npmjs.org/@esbuild%2Faix-ppc64 104ms (cache miss)
879 silly packumentCache full:http://registry.npmjs.org/@esbuild%2faix-ppc64 set size:undefined disposed:false
880 silly fetch manifest @esbuild/linux-loong64@0.27.3
881 silly packumentCache full:http://registry.npmjs.org/@esbuild%2flinux-loong64 cache-miss
882 http fetch GET 200 https://registry.npmjs.org/@esbuild%2Ffreebsd-arm64 183ms (cache miss)
883 silly packumentCache full:http://registry.npmjs.org/@esbuild%2ffreebsd-arm64 set size:undefined disposed:false
884 silly fetch manifest @esbuild/linux-mips64el@0.27.3
885 silly packumentCache full:http://registry.npmjs.org/@esbuild%2flinux-mips64el cache-miss
886 http fetch GET 200 https://registry.npmjs.org/@esbuild%2Fandroid-arm64 204ms (cache miss)
887 silly packumentCache full:http://registry.npmjs.org/@esbuild%2fandroid-arm64 set size:undefined disposed:false
888 silly fetch manifest @esbuild/linux-ppc64@0.27.3
889 silly packumentCache full:http://registry.npmjs.org/@esbuild%2flinux-ppc64 cache-miss
890 http fetch GET 200 https://registry.npmjs.org/@esbuild%2Fdarwin-x64 211ms (cache miss)
891 silly packumentCache full:http://registry.npmjs.org/@esbuild%2fdarwin-x64 set size:undefined disposed:false
892 silly fetch manifest @esbuild/linux-riscv64@0.27.3
893 silly packumentCache full:http://registry.npmjs.org/@esbuild%2flinux-riscv64 cache-miss
894 http fetch GET 200 https://registry.npmjs.org/@esbuild%2Flinux-arm 226ms (cache miss)
895 silly packumentCache full:http://registry.npmjs.org/@esbuild%2flinux-arm set size:undefined disposed:false
896 silly fetch manifest @esbuild/linux-s390x@0.27.3
897 silly packumentCache full:http://registry.npmjs.org/@esbuild%2flinux-s390x cache-miss
898 http fetch GET 200 https://registry.npmjs.org/@esbuild%2Fdarwin-arm64 233ms (cache miss)
899 silly packumentCache full:http://registry.npmjs.org/@esbuild%2fdarwin-arm64 set size:undefined disposed:false
900 silly fetch manifest @esbuild/linux-x64@0.27.3
901 silly packumentCache full:http://registry.npmjs.org/@esbuild%2flinux-x64 cache-miss
902 http fetch GET 200 https://registry.npmjs.org/@esbuild%2Fandroid-x64 247ms (cache miss)
903 silly packumentCache full:http://registry.npmjs.org/@esbuild%2fandroid-x64 set size:undefined disposed:false
904 silly fetch manifest @esbuild/netbsd-arm64@0.27.3
905 silly packumentCache full:http://registry.npmjs.org/@esbuild%2fnetbsd-arm64 cache-miss
906 http fetch GET 200 https://registry.npmjs.org/@esbuild%2Fandroid-arm 251ms (cache miss)
907 silly packumentCache full:http://registry.npmjs.org/@esbuild%2fandroid-arm set size:undefined disposed:false
908 silly fetch manifest @esbuild/netbsd-x64@0.27.3
909 silly packumentCache full:http://registry.npmjs.org/@esbuild%2fnetbsd-x64 cache-miss
910 http fetch GET 200 https://registry.npmjs.org/@esbuild%2Flinux-loong64 191ms (cache miss)
911 silly packumentCache full:http://registry.npmjs.org/@esbuild%2flinux-loong64 set size:undefined disposed:false
912 silly fetch manifest @esbuild/openbsd-arm64@0.27.3
913 silly packumentCache full:http://registry.npmjs.org/@esbuild%2fopenbsd-arm64 cache-miss
914 http fetch GET 200 https://registry.npmjs.org/@esbuild%2Flinux-arm64 321ms (cache miss)
915 silly packumentCache full:http://registry.npmjs.org/@esbuild%2flinux-arm64 set size:undefined disposed:false
916 silly fetch manifest @esbuild/openbsd-x64@0.27.3
917 silly packumentCache full:http://registry.npmjs.org/@esbuild%2fopenbsd-x64 cache-miss
918 http fetch GET 200 https://registry.npmjs.org/@esbuild%2Ffreebsd-x64 343ms (cache miss)
919 silly packumentCache full:http://registry.npmjs.org/@esbuild%2ffreebsd-x64 set size:undefined disposed:false
920 silly fetch manifest @esbuild/openharmony-arm64@0.27.3
921 silly packumentCache full:http://registry.npmjs.org/@esbuild%2fopenharmony-arm64 cache-miss
922 http fetch GET 200 https://registry.npmjs.org/@esbuild%2Flinux-ia32 357ms (cache miss)
923 silly packumentCache full:http://registry.npmjs.org/@esbuild%2flinux-ia32 set size:undefined disposed:false
924 silly fetch manifest @esbuild/sunos-x64@0.27.3
925 silly packumentCache full:http://registry.npmjs.org/@esbuild%2fsunos-x64 cache-miss
926 http fetch GET 200 https://registry.npmjs.org/@esbuild%2Flinux-mips64el 218ms (cache miss)
927 silly packumentCache full:http://registry.npmjs.org/@esbuild%2flinux-mips64el set size:undefined disposed:false
928 silly fetch manifest @esbuild/win32-arm64@0.27.3
929 silly packumentCache full:http://registry.npmjs.org/@esbuild%2fwin32-arm64 cache-miss
930 http fetch GET 200 https://registry.npmjs.org/@esbuild%2Flinux-ppc64 209ms (cache miss)
931 silly packumentCache full:http://registry.npmjs.org/@esbuild%2flinux-ppc64 set size:undefined disposed:false
932 silly fetch manifest @esbuild/win32-ia32@0.27.3
933 silly packumentCache full:http://registry.npmjs.org/@esbuild%2fwin32-ia32 cache-miss
934 http fetch GET 200 https://registry.npmjs.org/@esbuild%2Flinux-riscv64 233ms (cache miss)
935 silly packumentCache full:http://registry.npmjs.org/@esbuild%2flinux-riscv64 set size:undefined disposed:false
936 silly fetch manifest @esbuild/win32-x64@0.27.3
937 silly packumentCache full:http://registry.npmjs.org/@esbuild%2fwin32-x64 cache-miss
938 http fetch GET 200 https://registry.npmjs.org/@esbuild%2Flinux-s390x 232ms (cache miss)
939 silly packumentCache full:http://registry.npmjs.org/@esbuild%2flinux-s390x set size:undefined disposed:false
940 silly fetch manifest nanoid@^3.3.11
941 silly packumentCache full:http://registry.npmjs.org/nanoid cache-miss
942 http fetch GET 200 https://registry.npmjs.org/@esbuild%2Fnetbsd-arm64 314ms (cache miss)
943 silly packumentCache full:http://registry.npmjs.org/@esbuild%2fnetbsd-arm64 set size:undefined disposed:false
944 silly fetch manifest source-map-js@^1.2.1
945 silly packumentCache full:http://registry.npmjs.org/source-map-js cache-miss
946 http fetch GET 200 https://registry.npmjs.org/@esbuild%2Flinux-x64 361ms (cache miss)
947 silly packumentCache full:http://registry.npmjs.org/@esbuild%2flinux-x64 set size:undefined disposed:false
948 silly fetch manifest @rollup/rollup-darwin-arm64@4.59.0
949 silly packumentCache full:http://registry.npmjs.org/@rollup%2frollup-darwin-arm64 cache-miss
950 http fetch GET 200 https://registry.npmjs.org/@esbuild%2Fnetbsd-x64 372ms (cache miss)
951 silly packumentCache full:http://registry.npmjs.org/@esbuild%2fnetbsd-x64 set size:undefined disposed:false
952 silly fetch manifest @rollup/rollup-android-arm64@4.59.0
953 silly packumentCache full:http://registry.npmjs.org/@rollup%2frollup-android-arm64 cache-miss
954 http fetch GET 200 https://registry.npmjs.org/@esbuild%2Fopenbsd-arm64 331ms (cache miss)
955 silly packumentCache full:http://registry.npmjs.org/@esbuild%2fopenbsd-arm64 set size:undefined disposed:false
956 silly fetch manifest @rollup/rollup-win32-arm64-msvc@4.59.0
957 silly packumentCache full:http://registry.npmjs.org/@rollup%2frollup-win32-arm64-msvc cache-miss
958 http fetch GET 200 https://registry.npmjs.org/@esbuild%2Fopenharmony-arm64 293ms (cache miss)
959 silly packumentCache full:http://registry.npmjs.org/@esbuild%2fopenharmony-arm64 set size:undefined disposed:false
960 silly fetch manifest @rollup/rollup-freebsd-arm64@4.59.0
961 silly packumentCache full:http://registry.npmjs.org/@rollup%2frollup-freebsd-arm64 cache-miss
962 http fetch GET 200 https://registry.npmjs.org/@esbuild%2Fsunos-x64 291ms (cache miss)
963 silly packumentCache full:http://registry.npmjs.org/@esbuild%2fsunos-x64 set size:undefined disposed:false
964 silly fetch manifest @rollup/rollup-linux-arm64-gnu@4.59.0
965 silly packumentCache full:http://registry.npmjs.org/@rollup%2frollup-linux-arm64-gnu cache-miss
966 http fetch GET 200 https://registry.npmjs.org/@esbuild%2Fopenbsd-x64 338ms (cache miss)
967 silly packumentCache full:http://registry.npmjs.org/@esbuild%2fopenbsd-x64 set size:undefined disposed:false
968 silly fetch manifest @rollup/rollup-linux-arm64-musl@4.59.0
969 silly packumentCache full:http://registry.npmjs.org/@rollup%2frollup-linux-arm64-musl cache-miss
970 http fetch GET 200 https://registry.npmjs.org/@esbuild%2Fwin32-ia32 300ms (cache miss)
971 silly packumentCache full:http://registry.npmjs.org/@esbuild%2fwin32-ia32 set size:undefined disposed:false
972 silly fetch manifest @rollup/rollup-android-arm-eabi@4.59.0
973 silly packumentCache full:http://registry.npmjs.org/@rollup%2frollup-android-arm-eabi cache-miss
974 http fetch GET 200 https://registry.npmjs.org/@esbuild%2Fwin32-x64 273ms (cache miss)
975 silly packumentCache full:http://registry.npmjs.org/@esbuild%2fwin32-x64 set size:undefined disposed:false
976 silly fetch manifest @rollup/rollup-linux-arm-gnueabihf@4.59.0
977 silly packumentCache full:http://registry.npmjs.org/@rollup%2frollup-linux-arm-gnueabihf cache-miss
978 http fetch GET 200 https://registry.npmjs.org/@esbuild%2Fwin32-arm64 329ms (cache miss)
979 silly packumentCache full:http://registry.npmjs.org/@esbuild%2fwin32-arm64 set size:undefined disposed:false
980 silly fetch manifest @rollup/rollup-linux-arm-musleabihf@4.59.0
981 silly packumentCache full:http://registry.npmjs.org/@rollup%2frollup-linux-arm-musleabihf cache-miss
982 http fetch GET 200 https://registry.npmjs.org/nanoid 275ms (cache miss)
983 silly packumentCache full:http://registry.npmjs.org/nanoid set size:undefined disposed:false
984 silly fetch manifest @rollup/rollup-win32-ia32-msvc@4.59.0
985 silly packumentCache full:http://registry.npmjs.org/@rollup%2frollup-win32-ia32-msvc cache-miss
986 http fetch GET 200 https://registry.npmjs.org/source-map-js 210ms (cache miss)
987 silly packumentCache full:http://registry.npmjs.org/source-map-js set size:undefined disposed:false
988 silly fetch manifest @rollup/rollup-linux-loong64-gnu@4.59.0
989 silly packumentCache full:http://registry.npmjs.org/@rollup%2frollup-linux-loong64-gnu cache-miss
990 http fetch GET 200 https://registry.npmjs.org/@rollup%2Frollup-darwin-arm64 214ms (cache miss)
991 silly packumentCache full:http://registry.npmjs.org/@rollup%2frollup-darwin-arm64 set size:undefined disposed:false
992 silly fetch manifest @rollup/rollup-linux-loong64-musl@4.59.0
993 silly packumentCache full:http://registry.npmjs.org/@rollup%2frollup-linux-loong64-musl cache-miss
994 http fetch GET 200 https://registry.npmjs.org/@rollup%2Frollup-freebsd-arm64 197ms (cache miss)
995 silly packumentCache full:http://registry.npmjs.org/@rollup%2frollup-freebsd-arm64 set size:undefined disposed:false
996 silly fetch manifest @rollup/rollup-linux-riscv64-gnu@4.59.0
997 silly packumentCache full:http://registry.npmjs.org/@rollup%2frollup-linux-riscv64-gnu cache-miss
998 http fetch GET 200 https://registry.npmjs.org/@rollup%2Frollup-android-arm64 265ms (cache miss)
999 silly packumentCache full:http://registry.npmjs.org/@rollup%2frollup-android-arm64 set size:undefined disposed:false
1000 silly fetch manifest @rollup/rollup-linux-riscv64-musl@4.59.0
1001 silly packumentCache full:http://registry.npmjs.org/@rollup%2frollup-linux-riscv64-musl cache-miss
1002 http fetch GET 200 https://registry.npmjs.org/@rollup%2Frollup-linux-arm64-musl 239ms (cache miss)
1003 silly packumentCache full:http://registry.npmjs.org/@rollup%2frollup-linux-arm64-musl set size:undefined disposed:false
1004 silly fetch manifest @rollup/rollup-linux-ppc64-gnu@4.59.0
1005 silly packumentCache full:http://registry.npmjs.org/@rollup%2frollup-linux-ppc64-gnu cache-miss
1006 http fetch GET 200 https://registry.npmjs.org/@rollup%2Frollup-linux-arm64-gnu 258ms (cache miss)
1007 silly packumentCache full:http://registry.npmjs.org/@rollup%2frollup-linux-arm64-gnu set size:undefined disposed:false
1008 silly fetch manifest @rollup/rollup-linux-ppc64-musl@4.59.0
1009 silly packumentCache full:http://registry.npmjs.org/@rollup%2frollup-linux-ppc64-musl cache-miss
1010 http fetch GET 200 https://registry.npmjs.org/@rollup%2Frollup-win32-arm64-msvc 300ms (cache miss)
1011 silly packumentCache full:http://registry.npmjs.org/@rollup%2frollup-win32-arm64-msvc set size:undefined disposed:false
1012 silly fetch manifest @rollup/rollup-linux-s390x-gnu@4.59.0
1013 silly packumentCache full:http://registry.npmjs.org/@rollup%2frollup-linux-s390x-gnu cache-miss
1014 http fetch GET 200 https://registry.npmjs.org/@rollup%2Frollup-linux-loong64-gnu 189ms (cache miss)
1015 silly packumentCache full:http://registry.npmjs.org/@rollup%2frollup-linux-loong64-gnu set size:undefined disposed:false
1016 silly fetch manifest @rollup/rollup-darwin-x64@4.59.0
1017 silly packumentCache full:http://registry.npmjs.org/@rollup%2frollup-darwin-x64 cache-miss
1018 http fetch GET 200 https://registry.npmjs.org/@rollup%2Frollup-linux-arm-gnueabihf 245ms (cache miss)
1019 silly packumentCache full:http://registry.npmjs.org/@rollup%2frollup-linux-arm-gnueabihf set size:undefined disposed:false
1020 silly fetch manifest @rollup/rollup-win32-x64-gnu@4.59.0
1021 silly packumentCache full:http://registry.npmjs.org/@rollup%2frollup-win32-x64-gnu cache-miss
1022 http fetch GET 200 https://registry.npmjs.org/@rollup%2Frollup-linux-arm-musleabihf 251ms (cache miss)
1023 silly packumentCache full:http://registry.npmjs.org/@rollup%2frollup-linux-arm-musleabihf set size:undefined disposed:false
1024 silly fetch manifest @rollup/rollup-win32-x64-msvc@4.59.0
1025 silly packumentCache full:http://registry.npmjs.org/@rollup%2frollup-win32-x64-msvc cache-miss
1026 http fetch GET 200 https://registry.npmjs.org/@rollup%2Frollup-win32-ia32-msvc 259ms (cache miss)
1027 silly packumentCache full:http://registry.npmjs.org/@rollup%2frollup-win32-ia32-msvc set size:undefined disposed:false
1028 silly fetch manifest @rollup/rollup-freebsd-x64@4.59.0
1029 silly packumentCache full:http://registry.npmjs.org/@rollup%2frollup-freebsd-x64 cache-miss
1030 http fetch GET 200 https://registry.npmjs.org/@rollup%2Frollup-android-arm-eabi 304ms (cache miss)
1031 silly packumentCache full:http://registry.npmjs.org/@rollup%2frollup-android-arm-eabi set size:undefined disposed:false
1032 silly fetch manifest @rollup/rollup-linux-x64-gnu@4.59.0
1033 silly packumentCache full:http://registry.npmjs.org/@rollup%2frollup-linux-x64-gnu cache-miss
1034 http fetch GET 200 https://registry.npmjs.org/@rollup%2Frollup-linux-loong64-musl 268ms (cache miss)
1035 silly packumentCache full:http://registry.npmjs.org/@rollup%2frollup-linux-loong64-musl set size:undefined disposed:false
1036 silly fetch manifest @rollup/rollup-linux-x64-musl@4.59.0
1037 silly packumentCache full:http://registry.npmjs.org/@rollup%2frollup-linux-x64-musl cache-miss
1038 http fetch GET 200 https://registry.npmjs.org/@rollup%2Frollup-linux-ppc64-gnu 188ms (cache miss)
1039 silly packumentCache full:http://registry.npmjs.org/@rollup%2frollup-linux-ppc64-gnu set size:undefined disposed:false
1040 silly fetch manifest @rollup/rollup-openbsd-x64@4.59.0
1041 silly packumentCache full:http://registry.npmjs.org/@rollup%2frollup-openbsd-x64 cache-miss
1042 http fetch GET 200 https://registry.npmjs.org/@rollup%2Frollup-linux-riscv64-musl 222ms (cache miss)
1043 silly packumentCache full:http://registry.npmjs.org/@rollup%2frollup-linux-riscv64-musl set size:undefined disposed:false
1044 silly fetch manifest @rollup/rollup-openharmony-arm64@4.59.0
1045 silly packumentCache full:http://registry.npmjs.org/@rollup%2frollup-openharmony-arm64 cache-miss
1046 http fetch GET 200 https://registry.npmjs.org/@rollup%2Frollup-linux-ppc64-musl 203ms (cache miss)
1047 silly packumentCache full:http://registry.npmjs.org/@rollup%2frollup-linux-ppc64-musl set size:undefined disposed:false
1048 http fetch GET 200 https://registry.npmjs.org/@rollup%2Frollup-linux-riscv64-gnu 294ms (cache miss)
1049 silly packumentCache full:http://registry.npmjs.org/@rollup%2frollup-linux-riscv64-gnu set size:undefined disposed:false
1050 http fetch GET 200 https://registry.npmjs.org/@rollup%2Frollup-win32-x64-gnu 202ms (cache miss)
1051 silly packumentCache full:http://registry.npmjs.org/@rollup%2frollup-win32-x64-gnu set size:undefined disposed:false
1052 http fetch GET 200 https://registry.npmjs.org/@rollup%2Frollup-linux-s390x-gnu 255ms (cache miss)
1053 silly packumentCache full:http://registry.npmjs.org/@rollup%2frollup-linux-s390x-gnu set size:undefined disposed:false
1054 http fetch GET 200 https://registry.npmjs.org/@rollup%2Frollup-win32-x64-msvc 207ms (cache miss)
1055 silly packumentCache full:http://registry.npmjs.org/@rollup%2frollup-win32-x64-msvc set size:undefined disposed:false
1056 http fetch GET 200 https://registry.npmjs.org/@rollup%2Frollup-darwin-x64 242ms (cache miss)
1057 silly packumentCache full:http://registry.npmjs.org/@rollup%2frollup-darwin-x64 set size:undefined disposed:false
1058 http fetch GET 200 https://registry.npmjs.org/@rollup%2Frollup-freebsd-x64 190ms (cache miss)
1059 silly packumentCache full:http://registry.npmjs.org/@rollup%2frollup-freebsd-x64 set size:undefined disposed:false
1060 http fetch GET 200 https://registry.npmjs.org/@rollup%2Frollup-linux-x64-gnu 190ms (cache miss)
1061 silly packumentCache full:http://registry.npmjs.org/@rollup%2frollup-linux-x64-gnu set size:undefined disposed:false
1062 http fetch GET 200 https://registry.npmjs.org/@rollup%2Frollup-linux-x64-musl 158ms (cache miss)
1063 silly packumentCache full:http://registry.npmjs.org/@rollup%2frollup-linux-x64-musl set size:undefined disposed:false
1064 http fetch GET 200 https://registry.npmjs.org/@rollup%2Frollup-openharmony-arm64 135ms (cache miss)
1065 silly packumentCache full:http://registry.npmjs.org/@rollup%2frollup-openharmony-arm64 set size:undefined disposed:false
1066 http fetch GET 200 https://registry.npmjs.org/@rollup%2Frollup-openbsd-x64 168ms (cache miss)
1067 silly packumentCache full:http://registry.npmjs.org/@rollup%2frollup-openbsd-x64 set size:undefined disposed:false
1068 silly placeDep ROOT @esbuild/aix-ppc64@0.27.3 OK for: esbuild@0.27.3 want: 0.27.3
1069 silly placeDep ROOT @esbuild/android-arm@0.27.3 OK for: esbuild@0.27.3 want: 0.27.3
1070 silly placeDep ROOT @esbuild/android-arm64@0.27.3 OK for: esbuild@0.27.3 want: 0.27.3
1071 silly placeDep ROOT @esbuild/android-x64@0.27.3 OK for: esbuild@0.27.3 want: 0.27.3
1072 silly placeDep ROOT @esbuild/darwin-arm64@0.27.3 OK for: esbuild@0.27.3 want: 0.27.3
1073 silly placeDep ROOT @esbuild/darwin-x64@0.27.3 OK for: esbuild@0.27.3 want: 0.27.3
1074 silly placeDep ROOT @esbuild/freebsd-arm64@0.27.3 OK for: esbuild@0.27.3 want: 0.27.3
1075 silly placeDep ROOT @esbuild/freebsd-x64@0.27.3 OK for: esbuild@0.27.3 want: 0.27.3
1076 silly placeDep ROOT @esbuild/linux-arm@0.27.3 OK for: esbuild@0.27.3 want: 0.27.3
1077 silly placeDep ROOT @esbuild/linux-arm64@0.27.3 OK for: esbuild@0.27.3 want: 0.27.3
1078 silly placeDep ROOT @esbuild/linux-ia32@0.27.3 OK for: esbuild@0.27.3 want: 0.27.3
1079 silly placeDep ROOT @esbuild/linux-loong64@0.27.3 OK for: esbuild@0.27.3 want: 0.27.3
1080 silly placeDep ROOT @esbuild/linux-mips64el@0.27.3 OK for: esbuild@0.27.3 want: 0.27.3
1081 silly placeDep ROOT @esbuild/linux-ppc64@0.27.3 OK for: esbuild@0.27.3 want: 0.27.3
1082 silly placeDep ROOT @esbuild/linux-riscv64@0.27.3 OK for: esbuild@0.27.3 want: 0.27.3
1083 silly placeDep ROOT @esbuild/linux-s390x@0.27.3 OK for: esbuild@0.27.3 want: 0.27.3
1084 silly placeDep ROOT @esbuild/linux-x64@0.27.3 OK for: esbuild@0.27.3 want: 0.27.3
1085 silly placeDep ROOT @esbuild/netbsd-arm64@0.27.3 OK for: esbuild@0.27.3 want: 0.27.3
1086 silly placeDep ROOT @esbuild/netbsd-x64@0.27.3 OK for: esbuild@0.27.3 want: 0.27.3
1087 silly placeDep ROOT @esbuild/openbsd-arm64@0.27.3 OK for: esbuild@0.27.3 want: 0.27.3
1088 silly placeDep ROOT @esbuild/openbsd-x64@0.27.3 OK for: esbuild@0.27.3 want: 0.27.3
1089 silly placeDep ROOT @esbuild/openharmony-arm64@0.27.3 OK for: esbuild@0.27.3 want: 0.27.3
1090 silly placeDep ROOT @esbuild/sunos-x64@0.27.3 OK for: esbuild@0.27.3 want: 0.27.3
1091 silly placeDep ROOT @esbuild/win32-arm64@0.27.3 OK for: esbuild@0.27.3 want: 0.27.3
1092 silly placeDep ROOT @esbuild/win32-ia32@0.27.3 OK for: esbuild@0.27.3 want: 0.27.3
1093 silly placeDep ROOT @esbuild/win32-x64@0.27.3 OK for: esbuild@0.27.3 want: 0.27.3
1094 silly placeDep ROOT nanoid@3.3.11 OK for: postcss@8.5.8 want: ^3.3.11
1095 silly placeDep ROOT source-map-js@1.2.1 OK for: postcss@8.5.8 want: ^1.2.1
1096 silly placeDep ROOT @rollup/rollup-android-arm-eabi@4.59.0 OK for: rollup@4.59.0 want: 4.59.0
1097 silly placeDep ROOT @rollup/rollup-android-arm64@4.59.0 OK for: rollup@4.59.0 want: 4.59.0
1098 silly placeDep ROOT @rollup/rollup-darwin-arm64@4.59.0 OK for: rollup@4.59.0 want: 4.59.0
1099 silly placeDep ROOT @rollup/rollup-darwin-x64@4.59.0 OK for: rollup@4.59.0 want: 4.59.0
1100 silly placeDep ROOT @rollup/rollup-freebsd-arm64@4.59.0 OK for: rollup@4.59.0 want: 4.59.0
1101 silly placeDep ROOT @rollup/rollup-freebsd-x64@4.59.0 OK for: rollup@4.59.0 want: 4.59.0
1102 silly placeDep ROOT @rollup/rollup-linux-arm-gnueabihf@4.59.0 OK for: rollup@4.59.0 want: 4.59.0
1103 silly placeDep ROOT @rollup/rollup-linux-arm-musleabihf@4.59.0 OK for: rollup@4.59.0 want: 4.59.0
1104 silly placeDep ROOT @rollup/rollup-linux-arm64-gnu@4.59.0 OK for: rollup@4.59.0 want: 4.59.0
1105 silly placeDep ROOT @rollup/rollup-linux-arm64-musl@4.59.0 OK for: rollup@4.59.0 want: 4.59.0
1106 silly placeDep ROOT @rollup/rollup-linux-loong64-gnu@4.59.0 OK for: rollup@4.59.0 want: 4.59.0
1107 silly placeDep ROOT @rollup/rollup-linux-loong64-musl@4.59.0 OK for: rollup@4.59.0 want: 4.59.0
1108 silly placeDep ROOT @rollup/rollup-linux-ppc64-gnu@4.59.0 OK for: rollup@4.59.0 want: 4.59.0
1109 silly placeDep ROOT @rollup/rollup-linux-ppc64-musl@4.59.0 OK for: rollup@4.59.0 want: 4.59.0
1110 silly placeDep ROOT @rollup/rollup-linux-riscv64-gnu@4.59.0 OK for: rollup@4.59.0 want: 4.59.0
1111 silly placeDep ROOT @rollup/rollup-linux-riscv64-musl@4.59.0 OK for: rollup@4.59.0 want: 4.59.0
1112 silly placeDep ROOT @rollup/rollup-linux-s390x-gnu@4.59.0 OK for: rollup@4.59.0 want: 4.59.0
1113 silly placeDep ROOT @rollup/rollup-linux-x64-gnu@4.59.0 OK for: rollup@4.59.0 want: 4.59.0
1114 silly placeDep ROOT @rollup/rollup-linux-x64-musl@4.59.0 OK for: rollup@4.59.0 want: 4.59.0
1115 silly placeDep ROOT @rollup/rollup-openbsd-x64@4.59.0 OK for: rollup@4.59.0 want: 4.59.0
1116 silly placeDep ROOT @rollup/rollup-openharmony-arm64@4.59.0 OK for: rollup@4.59.0 want: 4.59.0
1117 silly placeDep ROOT @rollup/rollup-win32-arm64-msvc@4.59.0 OK for: rollup@4.59.0 want: 4.59.0
1118 silly placeDep ROOT @rollup/rollup-win32-ia32-msvc@4.59.0 OK for: rollup@4.59.0 want: 4.59.0
1119 silly placeDep ROOT @rollup/rollup-win32-x64-gnu@4.59.0 OK for: rollup@4.59.0 want: 4.59.0
1120 silly placeDep ROOT @rollup/rollup-win32-x64-msvc@4.59.0 OK for: rollup@4.59.0 want: 4.59.0
1121 silly placeDep ROOT isexe@2.0.0 OK for: which@2.0.2 want: ^2.0.0
1122 silly reify moves {}
1123 silly audit bulk request {
1123 silly audit   '@eslint/js': [ '9.39.3' ],
1123 silly audit   '@types/react': [ '19.2.14' ],
1123 silly audit   '@types/react-dom': [ '19.2.3' ],
1123 silly audit   '@vitejs/plugin-react': [ '5.1.4' ],
1123 silly audit   eslint: [ '9.39.3' ],
1123 silly audit   'eslint-plugin-react-hooks': [ '7.0.1' ],
1123 silly audit   'eslint-plugin-react-refresh': [ '0.4.26' ],
1123 silly audit   globals: [ '16.5.0', '14.0.0' ],
1123 silly audit   react: [ '19.2.4' ],
1123 silly audit   'react-dom': [ '19.2.4' ],
1123 silly audit   vite: [ '7.3.1' ],
1123 silly audit   csstype: [ '3.2.3' ],
1123 silly audit   '@babel/core': [ '7.29.0' ],
1123 silly audit   '@babel/plugin-transform-react-jsx-self': [ '7.27.1' ],
1123 silly audit   '@babel/plugin-transform-react-jsx-source': [ '7.27.1' ],
1123 silly audit   '@rolldown/pluginutils': [ '1.0.0-rc.3' ],
1123 silly audit   '@types/babel__core': [ '7.20.5' ],
1123 silly audit   'react-refresh': [ '0.18.0' ],
1123 silly audit   '@babel/code-frame': [ '7.29.0' ],
1123 silly audit   '@babel/generator': [ '7.29.1' ],
1123 silly audit   '@babel/helper-compilation-targets': [ '7.28.6' ],
1123 silly audit   '@babel/helper-module-transforms': [ '7.28.6' ],
1123 silly audit   '@babel/helpers': [ '7.28.6' ],
1123 silly audit   '@babel/parser': [ '7.29.0' ],
1123 silly audit   '@babel/template': [ '7.28.6' ],
1123 silly audit   '@babel/traverse': [ '7.29.0' ],
1123 silly audit   '@babel/types': [ '7.29.0' ],
1123 silly audit   '@jridgewell/remapping': [ '2.3.5' ],
1123 silly audit   'convert-source-map': [ '2.0.0' ],
1123 silly audit   debug: [ '4.4.3' ],
1123 silly audit   gensync: [ '1.0.0-beta.2' ],
1123 silly audit   json5: [ '2.2.3' ],
1123 silly audit   semver: [ '6.3.1' ],
1123 silly audit   '@babel/helper-validator-identifier': [ '7.28.5' ],
1123 silly audit   'js-tokens': [ '4.0.0' ],
1123 silly audit   picocolors: [ '1.1.1' ],
1123 silly audit   '@jridgewell/gen-mapping': [ '0.3.13' ],
1123 silly audit   '@jridgewell/trace-mapping': [ '0.3.31' ],
1123 silly audit   jsesc: [ '3.1.0' ],
1123 silly audit   '@babel/compat-data': [ '7.29.0' ],
1123 silly audit   '@babel/helper-validator-option': [ '7.27.1' ],
1123 silly audit   browserslist: [ '4.28.1' ],
1123 silly audit   'lru-cache': [ '5.1.1' ],
1123 silly audit   '@babel/helper-module-imports': [ '7.28.6' ],
1123 silly audit   '@babel/helper-plugin-utils': [ '7.28.6' ],
1123 silly audit   '@babel/helper-globals': [ '7.28.0' ],
1123 silly audit   '@babel/helper-string-parser': [ '7.27.1' ],
1123 silly audit   '@jridgewell/sourcemap-codec': [ '1.5.5' ],
1123 silly audit   '@jridgewell/resolve-uri': [ '3.1.2' ],
1123 silly audit   '@types/babel__generator': [ '7.27.0' ],
1123 silly audit   '@types/babel__template': [ '7.4.4' ],
1123 silly audit   '@types/babel__traverse': [ '7.28.0' ],
1123 silly audit   'baseline-browser-mapping': [ '2.10.0' ],
1123 silly audit   'caniuse-lite': [ '1.0.30001776' ],
1123 silly audit   'electron-to-chromium': [ '1.5.307' ],
1123 silly audit   'node-releases': [ '2.0.36' ],
1123 silly audit   'update-browserslist-db': [ '1.2.3' ],
1123 silly audit   ms: [ '2.1.3' ],
1123 silly audit   '@eslint-community/eslint-utils': [ '4.9.1' ],
1123 silly audit   '@eslint-community/regexpp': [ '4.12.2' ],
1123 silly audit   '@eslint/config-array': [ '0.21.1' ],
1123 silly audit   '@eslint/config-helpers': [ '0.4.2' ],
1123 silly audit   '@eslint/core': [ '0.17.0' ],
1123 silly audit   '@eslint/eslintrc': [ '3.3.4' ],
1123 silly audit   '@eslint/plugin-kit': [ '0.4.1' ],
1123 silly audit   '@humanfs/node': [ '0.16.7' ],
1123 silly audit   '@humanwhocodes/module-importer': [ '1.0.1' ],
1123 silly audit   '@humanwhocodes/retry': [ '0.4.3' ],
1123 silly audit   '@types/estree': [ '1.0.8' ],
1123 silly audit   ajv: [ '6.14.0' ],
1123 silly audit   chalk: [ '4.1.2' ],
1123 silly audit   'cross-spawn': [ '7.0.6' ],
1123 silly audit   'escape-string-regexp': [ '4.0.0' ],
1123 silly audit   'eslint-scope': [ '8.4.0' ],
1123 silly audit   'eslint-visitor-keys': [ '4.2.1', '3.4.3' ],
1123 silly audit   espree: [ '10.4.0' ],
1123 silly audit   esquery: [ '1.7.0' ],
1123 silly audit   esutils: [ '2.0.3' ],
1123 silly audit   'fast-deep-equal': [ '3.1.3' ],
1123 silly audit   'file-entry-cache': [ '8.0.0' ],
1123 silly audit   'find-up': [ '5.0.0' ],
1123 silly audit   'glob-parent': [ '6.0.2' ],
1123 silly audit   ignore: [ '5.3.2' ],
1123 silly audit   imurmurhash: [ '0.1.4' ],
1123 silly audit   'is-glob': [ '4.0.3' ],
1123 silly audit   'json-stable-stringify-without-jsonify': [ '1.0.1' ],
1123 silly audit   'lodash.merge': [ '4.6.2' ],
1123 silly audit   minimatch: [ '3.1.5' ],
1123 silly audit   'natural-compare': [ '1.4.0' ],
1123 silly audit   optionator: [ '0.9.4' ],
1123 silly audit   '@eslint/object-schema': [ '2.1.7' ],
1123 silly audit   '@types/json-schema': [ '7.0.15' ],
1123 silly audit   'import-fresh': [ '3.3.1' ],
1123 silly audit   'js-yaml': [ '4.1.1' ],
1123 silly audit   'strip-json-comments': [ '3.1.1' ],
1123 silly audit   levn: [ '0.4.1' ],
1123 silly audit   '@humanfs/core': [ '0.19.1' ],
1123 silly audit   'fast-json-stable-stringify': [ '2.1.0' ],
1123 silly audit   'json-schema-traverse': [ '0.4.1' ],
1123 silly audit   'uri-js': [ '4.4.1' ],
1123 silly audit   'ansi-styles': [ '4.3.0' ],
1123 silly audit   'supports-color': [ '7.2.0' ],
1123 silly audit   'color-convert': [ '2.0.1' ],
1123 silly audit   'color-name': [ '1.1.4' ],
1123 silly audit   'path-key': [ '3.1.1' ],
1123 silly audit   'shebang-command': [ '2.0.0' ],
1123 silly audit   which: [ '2.0.2' ],
1123 silly audit   'hermes-parser': [ '0.25.1' ],
1123 silly audit   zod: [ '4.3.6' ],
1123 silly audit   'zod-validation-error': [ '4.0.2' ],
1123 silly audit   esrecurse: [ '4.3.0' ],
1123 silly audit   estraverse: [ '5.3.0' ],
1123 silly audit   acorn: [ '8.16.0' ],
1123 silly audit   'acorn-jsx': [ '5.3.2' ],
1123 silly audit   'flat-cache': [ '4.0.1' ],
1123 silly audit   'locate-path': [ '6.0.0' ],
1123 silly audit   'path-exists': [ '4.0.0' ],
1123 silly audit   flatted: [ '3.3.4' ],
1123 silly audit   keyv: [ '4.5.4' ],
1123 silly audit   'hermes-estree': [ '0.25.1' ],
1123 silly audit   'parent-module': [ '1.0.1' ],
1123 silly audit   'resolve-from': [ '4.0.0' ],
1123 silly audit   'is-extglob': [ '2.1.1' ],
1123 silly audit   argparse: [ '2.0.1' ],
1123 silly audit   'json-buffer': [ '3.0.1' ],
1123 silly audit   'prelude-ls': [ '1.2.1' ],
1123 silly audit   'type-check': [ '0.4.0' ],
1123 silly audit   'p-locate': [ '5.0.0' ],
1123 silly audit   yallist: [ '3.1.1' ],
1123 silly audit   'brace-expansion': [ '1.1.12' ],
1123 silly audit   'balanced-match': [ '1.0.2' ],
1123 silly audit   'concat-map': [ '0.0.1' ],
1123 silly audit   'deep-is': [ '0.1.4' ],
1123 silly audit   'fast-levenshtein': [ '2.0.6' ],
1123 silly audit   'word-wrap': [ '1.2.5' ],
1123 silly audit   'p-limit': [ '3.1.0' ],
1123 silly audit   'yocto-queue': [ '0.1.0' ],
1123 silly audit   callsites: [ '3.1.0' ],
1123 silly audit   scheduler: [ '0.27.0' ],
1123 silly audit   'shebang-regex': [ '3.0.0' ],
1123 silly audit   'has-flag': [ '4.0.0' ],
1123 silly audit   escalade: [ '3.2.0' ],
1123 silly audit   punycode: [ '2.3.1' ],
1123 silly audit   esbuild: [ '0.27.3' ],
1123 silly audit   fdir: [ '6.5.0' ],
1123 silly audit   fsevents: [ '2.3.3' ],
1123 silly audit   picomatch: [ '4.0.3' ],
1123 silly audit   postcss: [ '8.5.8' ],
1123 silly audit   rollup: [ '4.59.0' ],
1123 silly audit   tinyglobby: [ '0.2.15' ],
1123 silly audit   '@esbuild/aix-ppc64': [ '0.27.3' ],
1123 silly audit   '@esbuild/android-arm': [ '0.27.3' ],
1123 silly audit   '@esbuild/android-arm64': [ '0.27.3' ],
1123 silly audit   '@esbuild/android-x64': [ '0.27.3' ],
1123 silly audit   '@esbuild/darwin-arm64': [ '0.27.3' ],
1123 silly audit   '@esbuild/darwin-x64': [ '0.27.3' ],
1123 silly audit   '@esbuild/freebsd-arm64': [ '0.27.3' ],
1123 silly audit   '@esbuild/freebsd-x64': [ '0.27.3' ],
1123 silly audit   '@esbuild/linux-arm': [ '0.27.3' ],
1123 silly audit   '@esbuild/linux-arm64': [ '0.27.3' ],
1123 silly audit   '@esbuild/linux-ia32': [ '0.27.3' ],
1123 silly audit   '@esbuild/linux-loong64': [ '0.27.3' ],
1123 silly audit   '@esbuild/linux-mips64el': [ '0.27.3' ],
1123 silly audit   '@esbuild/linux-ppc64': [ '0.27.3' ],
1123 silly audit   '@esbuild/linux-riscv64': [ '0.27.3' ],
1123 silly audit   '@esbuild/linux-s390x': [ '0.27.3' ],
1123 silly audit   '@esbuild/linux-x64': [ '0.27.3' ],
1123 silly audit   '@esbuild/netbsd-arm64': [ '0.27.3' ],
1123 silly audit   '@esbuild/netbsd-x64': [ '0.27.3' ],
1123 silly audit   '@esbuild/openbsd-arm64': [ '0.27.3' ],
1123 silly audit   '@esbuild/openbsd-x64': [ '0.27.3' ],
1123 silly audit   '@esbuild/openharmony-arm64': [ '0.27.3' ],
1123 silly audit   '@esbuild/sunos-x64': [ '0.27.3' ],
1123 silly audit   '@esbuild/win32-arm64': [ '0.27.3' ],
1123 silly audit   '@esbuild/win32-ia32': [ '0.27.3' ],
1123 silly audit   '@esbuild/win32-x64': [ '0.27.3' ],
1123 silly audit   nanoid: [ '3.3.11' ],
1123 silly audit   'source-map-js': [ '1.2.1' ],
1123 silly audit   '@rollup/rollup-android-arm-eabi': [ '4.59.0' ],
1123 silly audit   '@rollup/rollup-android-arm64': [ '4.59.0' ],
1123 silly audit   '@rollup/rollup-darwin-arm64': [ '4.59.0' ],
1123 silly audit   '@rollup/rollup-darwin-x64': [ '4.59.0' ],
1123 silly audit   '@rollup/rollup-freebsd-arm64': [ '4.59.0' ],
1123 silly audit   '@rollup/rollup-freebsd-x64': [ '4.59.0' ],
1123 silly audit   '@rollup/rollup-linux-arm-gnueabihf': [ '4.59.0' ],
1123 silly audit   '@rollup/rollup-linux-arm-musleabihf': [ '4.59.0' ],
1123 silly audit   '@rollup/rollup-linux-arm64-gnu': [ '4.59.0' ],
1123 silly audit   '@rollup/rollup-linux-arm64-musl': [ '4.59.0' ],
1123 silly audit   '@rollup/rollup-linux-loong64-gnu': [ '4.59.0' ],
1123 silly audit   '@rollup/rollup-linux-loong64-musl': [ '4.59.0' ],
1123 silly audit   '@rollup/rollup-linux-ppc64-gnu': [ '4.59.0' ],
1123 silly audit   '@rollup/rollup-linux-ppc64-musl': [ '4.59.0' ],
1123 silly audit   '@rollup/rollup-linux-riscv64-gnu': [ '4.59.0' ],
1123 silly audit   '@rollup/rollup-linux-riscv64-musl': [ '4.59.0' ],
1123 silly audit   '@rollup/rollup-linux-s390x-gnu': [ '4.59.0' ],
1123 silly audit   '@rollup/rollup-linux-x64-gnu': [ '4.59.0' ],
1123 silly audit   '@rollup/rollup-linux-x64-musl': [ '4.59.0' ],
1123 silly audit   '@rollup/rollup-openbsd-x64': [ '4.59.0' ],
1123 silly audit   '@rollup/rollup-openharmony-arm64': [ '4.59.0' ],
1123 silly audit   '@rollup/rollup-win32-arm64-msvc': [ '4.59.0' ],
1123 silly audit   '@rollup/rollup-win32-ia32-msvc': [ '4.59.0' ],
1123 silly audit   '@rollup/rollup-win32-x64-gnu': [ '4.59.0' ],
1123 silly audit   '@rollup/rollup-win32-x64-msvc': [ '4.59.0' ],
1123 silly audit   isexe: [ '2.0.0' ]
1123 silly audit }
1124 verbose reify failed optional dependency C:\Users\sohar\OneDrive\Desktop\aaa\todo-app\todo-app\node_modules\@rollup\rollup-win32-ia32-msvc
1125 silly reify mark deleted [
1125 silly reify   'C:\\Users\\sohar\\OneDrive\\Desktop\\aaa\\todo-app\\todo-app\\node_modules\\@rollup\\rollup-win32-ia32-msvc'
1125 silly reify ]
1126 verbose reify failed optional dependency C:\Users\sohar\OneDrive\Desktop\aaa\todo-app\todo-app\node_modules\@rollup\rollup-win32-arm64-msvc
1127 silly reify mark deleted [
1127 silly reify   'C:\\Users\\sohar\\OneDrive\\Desktop\\aaa\\todo-app\\todo-app\\node_modules\\@rollup\\rollup-win32-arm64-msvc'
1127 silly reify ]
1128 verbose reify failed optional dependency C:\Users\sohar\OneDrive\Desktop\aaa\todo-app\todo-app\node_modules\@rollup\rollup-openharmony-arm64
1129 silly reify mark deleted [
1129 silly reify   'C:\\Users\\sohar\\OneDrive\\Desktop\\aaa\\todo-app\\todo-app\\node_modules\\@rollup\\rollup-openharmony-arm64'
1129 silly reify ]
1130 verbose reify failed optional dependency C:\Users\sohar\OneDrive\Desktop\aaa\todo-app\todo-app\node_modules\@rollup\rollup-openbsd-x64
1131 silly reify mark deleted [
1131 silly reify   'C:\\Users\\sohar\\OneDrive\\Desktop\\aaa\\todo-app\\todo-app\\node_modules\\@rollup\\rollup-openbsd-x64'
1131 silly reify ]
1132 verbose reify failed optional dependency C:\Users\sohar\OneDrive\Desktop\aaa\todo-app\todo-app\node_modules\@rollup\rollup-linux-x64-musl
1133 silly reify mark deleted [
1133 silly reify   'C:\\Users\\sohar\\OneDrive\\Desktop\\aaa\\todo-app\\todo-app\\node_modules\\@rollup\\rollup-linux-x64-musl'
1133 silly reify ]
1134 verbose reify failed optional dependency C:\Users\sohar\OneDrive\Desktop\aaa\todo-app\todo-app\node_modules\@rollup\rollup-linux-x64-gnu
1135 silly reify mark deleted [
1135 silly reify   'C:\\Users\\sohar\\OneDrive\\Desktop\\aaa\\todo-app\\todo-app\\node_modules\\@rollup\\rollup-linux-x64-gnu'
1135 silly reify ]
1136 verbose reify failed optional dependency C:\Users\sohar\OneDrive\Desktop\aaa\todo-app\todo-app\node_modules\@rollup\rollup-linux-s390x-gnu
1137 silly reify mark deleted [
1137 silly reify   'C:\\Users\\sohar\\OneDrive\\Desktop\\aaa\\todo-app\\todo-app\\node_modules\\@rollup\\rollup-linux-s390x-gnu'
1137 silly reify ]
1138 verbose reify failed optional dependency C:\Users\sohar\OneDrive\Desktop\aaa\todo-app\todo-app\node_modules\@rollup\rollup-linux-riscv64-musl
1139 silly reify mark deleted [
1139 silly reify   'C:\\Users\\sohar\\OneDrive\\Desktop\\aaa\\todo-app\\todo-app\\node_modules\\@rollup\\rollup-linux-riscv64-musl'
1139 silly reify ]
1140 verbose reify failed optional dependency C:\Users\sohar\OneDrive\Desktop\aaa\todo-app\todo-app\node_modules\@rollup\rollup-linux-riscv64-gnu
1141 silly reify mark deleted [
1141 silly reify   'C:\\Users\\sohar\\OneDrive\\Desktop\\aaa\\todo-app\\todo-app\\node_modules\\@rollup\\rollup-linux-riscv64-gnu'
1141 silly reify ]
1142 verbose reify failed optional dependency C:\Users\sohar\OneDrive\Desktop\aaa\todo-app\todo-app\node_modules\@rollup\rollup-linux-ppc64-musl
1143 silly reify mark deleted [
1143 silly reify   'C:\\Users\\sohar\\OneDrive\\Desktop\\aaa\\todo-app\\todo-app\\node_modules\\@rollup\\rollup-linux-ppc64-musl'
1143 silly reify ]
1144 verbose reify failed optional dependency C:\Users\sohar\OneDrive\Desktop\aaa\todo-app\todo-app\node_modules\@rollup\rollup-linux-ppc64-gnu
1145 silly reify mark deleted [
1145 silly reify   'C:\\Users\\sohar\\OneDrive\\Desktop\\aaa\\todo-app\\todo-app\\node_modules\\@rollup\\rollup-linux-ppc64-gnu'
1145 silly reify ]
1146 verbose reify failed optional dependency C:\Users\sohar\OneDrive\Desktop\aaa\todo-app\todo-app\node_modules\@rollup\rollup-linux-loong64-musl
1147 silly reify mark deleted [
1147 silly reify   'C:\\Users\\sohar\\OneDrive\\Desktop\\aaa\\todo-app\\todo-app\\node_modules\\@rollup\\rollup-linux-loong64-musl'
1147 silly reify ]
1148 verbose reify failed optional dependency C:\Users\sohar\OneDrive\Desktop\aaa\todo-app\todo-app\node_modules\@rollup\rollup-linux-loong64-gnu
1149 silly reify mark deleted [
1149 silly reify   'C:\\Users\\sohar\\OneDrive\\Desktop\\aaa\\todo-app\\todo-app\\node_modules\\@rollup\\rollup-linux-loong64-gnu'
1149 silly reify ]
1150 verbose reify failed optional dependency C:\Users\sohar\OneDrive\Desktop\aaa\todo-app\todo-app\node_modules\@rollup\rollup-linux-arm64-musl
1151 silly reify mark deleted [
1151 silly reify   'C:\\Users\\sohar\\OneDrive\\Desktop\\aaa\\todo-app\\todo-app\\node_modules\\@rollup\\rollup-linux-arm64-musl'
1151 silly reify ]
1152 verbose reify failed optional dependency C:\Users\sohar\OneDrive\Desktop\aaa\todo-app\todo-app\node_modules\@rollup\rollup-linux-arm64-gnu
1153 silly reify mark deleted [
1153 silly reify   'C:\\Users\\sohar\\OneDrive\\Desktop\\aaa\\todo-app\\todo-app\\node_modules\\@rollup\\rollup-linux-arm64-gnu'
1153 silly reify ]
1154 verbose reify failed optional dependency C:\Users\sohar\OneDrive\Desktop\aaa\todo-app\todo-app\node_modules\@rollup\rollup-linux-arm-musleabihf
1155 silly reify mark deleted [
1155 silly reify   'C:\\Users\\sohar\\OneDrive\\Desktop\\aaa\\todo-app\\todo-app\\node_modules\\@rollup\\rollup-linux-arm-musleabihf'
1155 silly reify ]
1156 verbose reify failed optional dependency C:\Users\sohar\OneDrive\Desktop\aaa\todo-app\todo-app\node_modules\@rollup\rollup-linux-arm-gnueabihf
1157 silly reify mark deleted [
1157 silly reify   'C:\\Users\\sohar\\OneDrive\\Desktop\\aaa\\todo-app\\todo-app\\node_modules\\@rollup\\rollup-linux-arm-gnueabihf'
1157 silly reify ]
1158 verbose reify failed optional dependency C:\Users\sohar\OneDrive\Desktop\aaa\todo-app\todo-app\node_modules\@rollup\rollup-freebsd-x64
1159 silly reify mark deleted [
1159 silly reify   'C:\\Users\\sohar\\OneDrive\\Desktop\\aaa\\todo-app\\todo-app\\node_modules\\@rollup\\rollup-freebsd-x64'
1159 silly reify ]
1160 verbose reify failed optional dependency C:\Users\sohar\OneDrive\Desktop\aaa\todo-app\todo-app\node_modules\@rollup\rollup-freebsd-arm64
1161 silly reify mark deleted [
1161 silly reify   'C:\\Users\\sohar\\OneDrive\\Desktop\\aaa\\todo-app\\todo-app\\node_modules\\@rollup\\rollup-freebsd-arm64'
1161 silly reify ]
1162 verbose reify failed optional dependency C:\Users\sohar\OneDrive\Desktop\aaa\todo-app\todo-app\node_modules\@rollup\rollup-darwin-x64
1163 silly reify mark deleted [
1163 silly reify   'C:\\Users\\sohar\\OneDrive\\Desktop\\aaa\\todo-app\\todo-app\\node_modules\\@rollup\\rollup-darwin-x64'
1163 silly reify ]
1164 verbose reify failed optional dependency C:\Users\sohar\OneDrive\Desktop\aaa\todo-app\todo-app\node_modules\@rollup\rollup-darwin-arm64
1165 silly reify mark deleted [
1165 silly reify   'C:\\Users\\sohar\\OneDrive\\Desktop\\aaa\\todo-app\\todo-app\\node_modules\\@rollup\\rollup-darwin-arm64'
1165 silly reify ]
1166 verbose reify failed optional dependency C:\Users\sohar\OneDrive\Desktop\aaa\todo-app\todo-app\node_modules\@rollup\rollup-android-arm64
1167 silly reify mark deleted [
1167 silly reify   'C:\\Users\\sohar\\OneDrive\\Desktop\\aaa\\todo-app\\todo-app\\node_modules\\@rollup\\rollup-android-arm64'
1167 silly reify ]
1168 verbose reify failed optional dependency C:\Users\sohar\OneDrive\Desktop\aaa\todo-app\todo-app\node_modules\@rollup\rollup-android-arm-eabi
1169 silly reify mark deleted [
1169 silly reify   'C:\\Users\\sohar\\OneDrive\\Desktop\\aaa\\todo-app\\todo-app\\node_modules\\@rollup\\rollup-android-arm-eabi'
1169 silly reify ]
1170 verbose reify failed optional dependency C:\Users\sohar\OneDrive\Desktop\aaa\todo-app\todo-app\node_modules\@esbuild\win32-ia32
1171 silly reify mark deleted [
1171 silly reify   'C:\\Users\\sohar\\OneDrive\\Desktop\\aaa\\todo-app\\todo-app\\node_modules\\@esbuild\\win32-ia32'
1171 silly reify ]
1172 verbose reify failed optional dependency C:\Users\sohar\OneDrive\Desktop\aaa\todo-app\todo-app\node_modules\@esbuild\win32-arm64
1173 silly reify mark deleted [
1173 silly reify   'C:\\Users\\sohar\\OneDrive\\Desktop\\aaa\\todo-app\\todo-app\\node_modules\\@esbuild\\win32-arm64'
1173 silly reify ]
1174 verbose reify failed optional dependency C:\Users\sohar\OneDrive\Desktop\aaa\todo-app\todo-app\node_modules\@esbuild\sunos-x64
1175 silly reify mark deleted [
1175 silly reify   'C:\\Users\\sohar\\OneDrive\\Desktop\\aaa\\todo-app\\todo-app\\node_modules\\@esbuild\\sunos-x64'
1175 silly reify ]
1176 verbose reify failed optional dependency C:\Users\sohar\OneDrive\Desktop\aaa\todo-app\todo-app\node_modules\@esbuild\openharmony-arm64
1177 silly reify mark deleted [
1177 silly reify   'C:\\Users\\sohar\\OneDrive\\Desktop\\aaa\\todo-app\\todo-app\\node_modules\\@esbuild\\openharmony-arm64'
1177 silly reify ]
1178 verbose reify failed optional dependency C:\Users\sohar\OneDrive\Desktop\aaa\todo-app\todo-app\node_modules\@esbuild\openbsd-x64
1179 silly reify mark deleted [
1179 silly reify   'C:\\Users\\sohar\\OneDrive\\Desktop\\aaa\\todo-app\\todo-app\\node_modules\\@esbuild\\openbsd-x64'
1179 silly reify ]
1180 verbose reify failed optional dependency C:\Users\sohar\OneDrive\Desktop\aaa\todo-app\todo-app\node_modules\@esbuild\openbsd-arm64
1181 silly reify mark deleted [
1181 silly reify   'C:\\Users\\sohar\\OneDrive\\Desktop\\aaa\\todo-app\\todo-app\\node_modules\\@esbuild\\openbsd-arm64'
1181 silly reify ]
1182 verbose reify failed optional dependency C:\Users\sohar\OneDrive\Desktop\aaa\todo-app\todo-app\node_modules\@esbuild\netbsd-x64
1183 silly reify mark deleted [
1183 silly reify   'C:\\Users\\sohar\\OneDrive\\Desktop\\aaa\\todo-app\\todo-app\\node_modules\\@esbuild\\netbsd-x64'
1183 silly reify ]
1184 verbose reify failed optional dependency C:\Users\sohar\OneDrive\Desktop\aaa\todo-app\todo-app\node_modules\@esbuild\netbsd-arm64
1185 silly reify mark deleted [
1185 silly reify   'C:\\Users\\sohar\\OneDrive\\Desktop\\aaa\\todo-app\\todo-app\\node_modules\\@esbuild\\netbsd-arm64'
1185 silly reify ]
1186 verbose reify failed optional dependency C:\Users\sohar\OneDrive\Desktop\aaa\todo-app\todo-app\node_modules\@esbuild\linux-x64
1187 silly reify mark deleted [
1187 silly reify   'C:\\Users\\sohar\\OneDrive\\Desktop\\aaa\\todo-app\\todo-app\\node_modules\\@esbuild\\linux-x64'
1187 silly reify ]
1188 verbose reify failed optional dependency C:\Users\sohar\OneDrive\Desktop\aaa\todo-app\todo-app\node_modules\@esbuild\linux-s390x
1189 silly reify mark deleted [
1189 silly reify   'C:\\Users\\sohar\\OneDrive\\Desktop\\aaa\\todo-app\\todo-app\\node_modules\\@esbuild\\linux-s390x'
1189 silly reify ]
1190 verbose reify failed optional dependency C:\Users\sohar\OneDrive\Desktop\aaa\todo-app\todo-app\node_modules\@esbuild\linux-riscv64
1191 silly reify mark deleted [
1191 silly reify   'C:\\Users\\sohar\\OneDrive\\Desktop\\aaa\\todo-app\\todo-app\\node_modules\\@esbuild\\linux-riscv64'
1191 silly reify ]
1192 verbose reify failed optional dependency C:\Users\sohar\OneDrive\Desktop\aaa\todo-app\todo-app\node_modules\@esbuild\linux-ppc64
1193 silly reify mark deleted [
1193 silly reify   'C:\\Users\\sohar\\OneDrive\\Desktop\\aaa\\todo-app\\todo-app\\node_modules\\@esbuild\\linux-ppc64'
1193 silly reify ]
1194 verbose reify failed optional dependency C:\Users\sohar\OneDrive\Desktop\aaa\todo-app\todo-app\node_modules\@esbuild\linux-mips64el
1195 silly reify mark deleted [
1195 silly reify   'C:\\Users\\sohar\\OneDrive\\Desktop\\aaa\\todo-app\\todo-app\\node_modules\\@esbuild\\linux-mips64el'
1195 silly reify ]
1196 verbose reify failed optional dependency C:\Users\sohar\OneDrive\Desktop\aaa\todo-app\todo-app\node_modules\@esbuild\linux-loong64
1197 silly reify mark deleted [
1197 silly reify   'C:\\Users\\sohar\\OneDrive\\Desktop\\aaa\\todo-app\\todo-app\\node_modules\\@esbuild\\linux-loong64'
1197 silly reify ]
1198 verbose reify failed optional dependency C:\Users\sohar\OneDrive\Desktop\aaa\todo-app\todo-app\node_modules\@esbuild\linux-ia32
1199 silly reify mark deleted [
1199 silly reify   'C:\\Users\\sohar\\OneDrive\\Desktop\\aaa\\todo-app\\todo-app\\node_modules\\@esbuild\\linux-ia32'
1199 silly reify ]
1200 verbose reify failed optional dependency C:\Users\sohar\OneDrive\Desktop\aaa\todo-app\todo-app\node_modules\@esbuild\linux-arm64
1201 silly reify mark deleted [
1201 silly reify   'C:\\Users\\sohar\\OneDrive\\Desktop\\aaa\\todo-app\\todo-app\\node_modules\\@esbuild\\linux-arm64'
1201 silly reify ]
1202 verbose reify failed optional dependency C:\Users\sohar\OneDrive\Desktop\aaa\todo-app\todo-app\node_modules\@esbuild\linux-arm
1203 silly reify mark deleted [
1203 silly reify   'C:\\Users\\sohar\\OneDrive\\Desktop\\aaa\\todo-app\\todo-app\\node_modules\\@esbuild\\linux-arm'
1203 silly reify ]
1204 verbose reify failed optional dependency C:\Users\sohar\OneDrive\Desktop\aaa\todo-app\todo-app\node_modules\@esbuild\freebsd-x64
1205 silly reify mark deleted [
1205 silly reify   'C:\\Users\\sohar\\OneDrive\\Desktop\\aaa\\todo-app\\todo-app\\node_modules\\@esbuild\\freebsd-x64'
1205 silly reify ]
1206 verbose reify failed optional dependency C:\Users\sohar\OneDrive\Desktop\aaa\todo-app\todo-app\node_modules\@esbuild\freebsd-arm64
1207 silly reify mark deleted [
1207 silly reify   'C:\\Users\\sohar\\OneDrive\\Desktop\\aaa\\todo-app\\todo-app\\node_modules\\@esbuild\\freebsd-arm64'
1207 silly reify ]
1208 verbose reify failed optional dependency C:\Users\sohar\OneDrive\Desktop\aaa\todo-app\todo-app\node_modules\@esbuild\darwin-x64
1209 silly reify mark deleted [
1209 silly reify   'C:\\Users\\sohar\\OneDrive\\Desktop\\aaa\\todo-app\\todo-app\\node_modules\\@esbuild\\darwin-x64'
1209 silly reify ]
1210 verbose reify failed optional dependency C:\Users\sohar\OneDrive\Desktop\aaa\todo-app\todo-app\node_modules\@esbuild\darwin-arm64
1211 silly reify mark deleted [
1211 silly reify   'C:\\Users\\sohar\\OneDrive\\Desktop\\aaa\\todo-app\\todo-app\\node_modules\\@esbuild\\darwin-arm64'
1211 silly reify ]
1212 verbose reify failed optional dependency C:\Users\sohar\OneDrive\Desktop\aaa\todo-app\todo-app\node_modules\@esbuild\android-x64
1213 silly reify mark deleted [
1213 silly reify   'C:\\Users\\sohar\\OneDrive\\Desktop\\aaa\\todo-app\\todo-app\\node_modules\\@esbuild\\android-x64'
1213 silly reify ]
1214 verbose reify failed optional dependency C:\Users\sohar\OneDrive\Desktop\aaa\todo-app\todo-app\node_modules\@esbuild\android-arm64
1215 silly reify mark deleted [
1215 silly reify   'C:\\Users\\sohar\\OneDrive\\Desktop\\aaa\\todo-app\\todo-app\\node_modules\\@esbuild\\android-arm64'
1215 silly reify ]
1216 verbose reify failed optional dependency C:\Users\sohar\OneDrive\Desktop\aaa\todo-app\todo-app\node_modules\@esbuild\android-arm
1217 silly reify mark deleted [
1217 silly reify   'C:\\Users\\sohar\\OneDrive\\Desktop\\aaa\\todo-app\\todo-app\\node_modules\\@esbuild\\android-arm'
1217 silly reify ]
1218 verbose reify failed optional dependency C:\Users\sohar\OneDrive\Desktop\aaa\todo-app\todo-app\node_modules\@esbuild\aix-ppc64
1219 silly reify mark deleted [
1219 silly reify   'C:\\Users\\sohar\\OneDrive\\Desktop\\aaa\\todo-app\\todo-app\\node_modules\\@esbuild\\aix-ppc64'
1219 silly reify ]
1220 verbose reify failed optional dependency C:\Users\sohar\OneDrive\Desktop\aaa\todo-app\todo-app\node_modules\fsevents
1221 silly reify mark deleted [
1221 silly reify   'C:\\Users\\sohar\\OneDrive\\Desktop\\aaa\\todo-app\\todo-app\\node_modules\\fsevents'
1221 silly reify ]
1222 notice Beginning October 4, 2021, all connections to the npm registry - including for package installation - must use TLS 1.2 or higher. You are currently using plaintext http to connect. Please visit the GitHub blog for more information: https://github.blog/2021-08-23-npm-registry-deprecating-tls-1-0-tls-1-1/
1223 http fetch POST 426 http://registry.npmjs.org/-/npm/v1/security/advisories/bulk 91ms
1224 verbose audit error HttpErrorGeneral: 426 Upgrade Required - POST http://registry.npmjs.org/-/npm/v1/security/advisories/bulk
1224 verbose audit error     at C:\Users\sohar\AppData\Roaming\npm\node_modules\npm\node_modules\npm-registry-fetch\lib\check-response.js:103:15
1224 verbose audit error     at process.processTicksAndRejections (node:internal/process/task_queues:105:5)
1224 verbose audit error     at async #getReport (C:\Users\sohar\AppData\Roaming\npm\node_modules\npm\node_modules\@npmcli\arborist\lib\audit-report.js:275:19)
1224 verbose audit error     at async AuditReport.run (C:\Users\sohar\AppData\Roaming\npm\node_modules\npm\node_modules\@npmcli\arborist\lib\audit-report.js:100:19) {
1224 verbose audit error   headers: [Object: null prototype] {
1224 verbose audit error     date: [ 'Fri, 06 Mar 2026 04:42:34 GMT' ],
1224 verbose audit error     'content-type': [ 'text/plain' ],
1224 verbose audit error     'content-length': [ '271' ],
1224 verbose audit error     connection: [ 'keep-alive' ],
1224 verbose audit error     'cf-ray': [ '9d7eb1cb5fc3a6c2-DEL' ],
1224 verbose audit error     'npm-notice': [
1224 verbose audit error       'Beginning October 4, 2021, all connections to the npm registry - including for package installation - must use TLS 1.2 or higher. You are currently using plaintext http to connect. Please visit the GitHub blog for more information: https://github.blog/2021-08-23-npm-registry-deprecating-tls-1-0-tls-1-1/'
1224 verbose audit error     ],
1224 verbose audit error     vary: [ 'Accept-Encoding' ],
1224 verbose audit error     'set-cookie': [
1224 verbose audit error       '_cfuvid=3hmdl6goC7CgWGcXl.RIPtZMu0CbU1Kb4sJUWix6Dyg-1772772154144-0.0.1.1-604800000; path=/; domain=.npmjs.org; HttpOnly'
1224 verbose audit error     ],
1224 verbose audit error     server: [ 'cloudflare' ],
1224 verbose audit error     'x-fetch-attempts': [ '1' ]
1224 verbose audit error   },
1224 verbose audit error   statusCode: 426,
1224 verbose audit error   code: 'E426',
1224 verbose audit error   method: 'POST',
1224 verbose audit error   uri: 'http://registry.npmjs.org/-/npm/v1/security/advisories/bulk',
1224 verbose audit error   body: <Buffer 42 65 67 69 6e 6e 69 6e 67 20 4f 63 74 6f 62 65 72 20 34 2c 20 32 30 32 31 2c 20 61 6c 6c 20 63 6f 6e 6e 65 63 74 69 6f 6e 73 20 74 6f 20 6e 70 6d 20 ... 221 more bytes>,
1224 verbose audit error   pkgid: undefined
1224 verbose audit error }
1225 silly audit error Beginning October 4, 2021, all connections to npm websites and the npm registry - including for package installation - must use HTTPS and TLS 1.2 or higher.
1225 silly audit error
1225 silly audit error For more information see this blog post: https://github.blog/2021-08-23-npm-registry-deprecating-tls-1-0-tls-1-1/
1226 silly audit report null
1227 http cache isexe@https://registry.npmjs.org/isexe/-/isexe-2.0.0.tgz 0ms (cache hit)
1228 http cache @rollup/rollup-win32-x64-msvc@https://registry.npmjs.org/@rollup/rollup-win32-x64-msvc/-/rollup-win32-x64-msvc-4.59.0.tgz 0ms (cache hit)
1229 http cache @rollup/rollup-win32-x64-gnu@https://registry.npmjs.org/@rollup/rollup-win32-x64-gnu/-/rollup-win32-x64-gnu-4.59.0.tgz 0ms (cache hit)
1230 http cache nanoid@https://registry.npmjs.org/nanoid/-/nanoid-3.3.11.tgz 0ms (cache hit)
1231 http cache source-map-js@https://registry.npmjs.org/source-map-js/-/source-map-js-1.2.1.tgz 0ms (cache hit)
1232 http cache @esbuild/win32-x64@https://registry.npmjs.org/@esbuild/win32-x64/-/win32-x64-0.27.3.tgz 0ms (cache hit)
1233 http cache tinyglobby@https://registry.npmjs.org/tinyglobby/-/tinyglobby-0.2.15.tgz 0ms (cache hit)
1234 http cache rollup@https://registry.npmjs.org/rollup/-/rollup-4.59.0.tgz 0ms (cache hit)
1235 http cache postcss@https://registry.npmjs.org/postcss/-/postcss-8.5.8.tgz 0ms (cache hit)
1236 http cache picomatch@https://registry.npmjs.org/picomatch/-/picomatch-4.0.3.tgz 0ms (cache hit)
1237 http cache fdir@https://registry.npmjs.org/fdir/-/fdir-6.5.0.tgz 0ms (cache hit)
1238 http cache esbuild@https://registry.npmjs.org/esbuild/-/esbuild-0.27.3.tgz 0ms (cache hit)
1239 http cache punycode@https://registry.npmjs.org/punycode/-/punycode-2.3.1.tgz 0ms (cache hit)
1240 http cache escalade@https://registry.npmjs.org/escalade/-/escalade-3.2.0.tgz 0ms (cache hit)
1241 http cache has-flag@https://registry.npmjs.org/has-flag/-/has-flag-4.0.0.tgz 0ms (cache hit)
1242 http cache shebang-regex@https://registry.npmjs.org/shebang-regex/-/shebang-regex-3.0.0.tgz 0ms (cache hit)
1243 http cache p-limit@https://registry.npmjs.org/p-limit/-/p-limit-3.1.0.tgz 0ms (cache hit)
1244 http cache scheduler@https://registry.npmjs.org/scheduler/-/scheduler-0.27.0.tgz 0ms (cache hit)
1245 http cache word-wrap@https://registry.npmjs.org/word-wrap/-/word-wrap-1.2.5.tgz 0ms (cache hit)
1246 http cache callsites@https://registry.npmjs.org/callsites/-/callsites-3.1.0.tgz 0ms (cache hit)
1247 http cache yocto-queue@https://registry.npmjs.org/yocto-queue/-/yocto-queue-0.1.0.tgz 0ms (cache hit)
1248 http cache deep-is@https://registry.npmjs.org/deep-is/-/deep-is-0.1.4.tgz 0ms (cache hit)
1249 http cache fast-levenshtein@https://registry.npmjs.org/fast-levenshtein/-/fast-levenshtein-2.0.6.tgz 0ms (cache hit)
1250 http cache concat-map@https://registry.npmjs.org/concat-map/-/concat-map-0.0.1.tgz 0ms (cache hit)
1251 http cache balanced-match@https://registry.npmjs.org/balanced-match/-/balanced-match-1.0.2.tgz 0ms (cache hit)
1252 http cache yallist@https://registry.npmjs.org/yallist/-/yallist-3.1.1.tgz 0ms (cache hit)
1253 http cache p-locate@https://registry.npmjs.org/p-locate/-/p-locate-5.0.0.tgz 0ms (cache hit)
1254 http cache prelude-ls@https://registry.npmjs.org/prelude-ls/-/prelude-ls-1.2.1.tgz 0ms (cache hit)
1255 http cache brace-expansion@https://registry.npmjs.org/brace-expansion/-/brace-expansion-1.1.12.tgz 1ms (cache hit)
1256 http cache json-buffer@https://registry.npmjs.org/json-buffer/-/json-buffer-3.0.1.tgz 0ms (cache hit)
1257 http cache argparse@https://registry.npmjs.org/argparse/-/argparse-2.0.1.tgz 0ms (cache hit)
1258 http cache is-extglob@https://registry.npmjs.org/is-extglob/-/is-extglob-2.1.1.tgz 0ms (cache hit)
1259 http cache resolve-from@https://registry.npmjs.org/resolve-from/-/resolve-from-4.0.0.tgz 0ms (cache hit)
1260 http cache parent-module@https://registry.npmjs.org/parent-module/-/parent-module-1.0.1.tgz 0ms (cache hit)
1261 http cache type-check@https://registry.npmjs.org/type-check/-/type-check-0.4.0.tgz 0ms (cache hit)
1262 http cache hermes-estree@https://registry.npmjs.org/hermes-estree/-/hermes-estree-0.25.1.tgz 0ms (cache hit)
1263 http cache flatted@https://registry.npmjs.org/flatted/-/flatted-3.3.4.tgz 0ms (cache hit)
1264 http cache keyv@https://registry.npmjs.org/keyv/-/keyv-4.5.4.tgz 0ms (cache hit)
1265 http cache locate-path@https://registry.npmjs.org/locate-path/-/locate-path-6.0.0.tgz 0ms (cache hit)
1266 http cache flat-cache@https://registry.npmjs.org/flat-cache/-/flat-cache-4.0.1.tgz 0ms (cache hit)
1267 http cache acorn-jsx@https://registry.npmjs.org/acorn-jsx/-/acorn-jsx-5.3.2.tgz 0ms (cache hit)
1268 http cache path-exists@https://registry.npmjs.org/path-exists/-/path-exists-4.0.0.tgz 0ms (cache hit)
1269 http cache acorn@https://registry.npmjs.org/acorn/-/acorn-8.16.0.tgz 0ms (cache hit)
1270 http cache esrecurse@https://registry.npmjs.org/esrecurse/-/esrecurse-4.3.0.tgz 0ms (cache hit)
1271 http cache estraverse@https://registry.npmjs.org/estraverse/-/estraverse-5.3.0.tgz 0ms (cache hit)
1272 http cache zod@https://registry.npmjs.org/zod/-/zod-4.3.6.tgz 0ms (cache hit)
1273 http cache hermes-parser@https://registry.npmjs.org/hermes-parser/-/hermes-parser-0.25.1.tgz 0ms (cache hit)
1274 http cache zod-validation-error@https://registry.npmjs.org/zod-validation-error/-/zod-validation-error-4.0.2.tgz 0ms (cache hit)
1275 http cache path-key@https://registry.npmjs.org/path-key/-/path-key-3.1.1.tgz 0ms (cache hit)
1276 http cache which@https://registry.npmjs.org/which/-/which-2.0.2.tgz 0ms (cache hit)
1277 http cache shebang-command@https://registry.npmjs.org/shebang-command/-/shebang-command-2.0.0.tgz 0ms (cache hit)
1278 http cache color-name@https://registry.npmjs.org/color-name/-/color-name-1.1.4.tgz 0ms (cache hit)
1279 http cache ansi-styles@https://registry.npmjs.org/ansi-styles/-/ansi-styles-4.3.0.tgz 0ms (cache hit)
1280 http cache supports-color@https://registry.npmjs.org/supports-color/-/supports-color-7.2.0.tgz 0ms (cache hit)
1281 http cache color-convert@https://registry.npmjs.org/color-convert/-/color-convert-2.0.1.tgz 0ms (cache hit)
1282 http cache uri-js@https://registry.npmjs.org/uri-js/-/uri-js-4.4.1.tgz 0ms (cache hit)
1283 http cache @humanfs/core@https://registry.npmjs.org/@humanfs/core/-/core-0.19.1.tgz 0ms (cache hit)
1284 http cache json-schema-traverse@https://registry.npmjs.org/json-schema-traverse/-/json-schema-traverse-0.4.1.tgz 0ms (cache hit)
1285 http cache fast-json-stable-stringify@https://registry.npmjs.org/fast-json-stable-stringify/-/fast-json-stable-stringify-2.1.0.tgz 0ms (cache hit)
1286 http cache levn@https://registry.npmjs.org/levn/-/levn-0.4.1.tgz 0ms (cache hit)
1287 http cache strip-json-comments@https://registry.npmjs.org/strip-json-comments/-/strip-json-comments-3.1.1.tgz 0ms (cache hit)
1288 http cache @eslint/object-schema@https://registry.npmjs.org/@eslint/object-schema/-/object-schema-2.1.7.tgz 0ms (cache hit)
1289 http cache js-yaml@https://registry.npmjs.org/js-yaml/-/js-yaml-4.1.1.tgz 1ms (cache hit)
1290 http cache import-fresh@https://registry.npmjs.org/import-fresh/-/import-fresh-3.3.1.tgz 0ms (cache hit)
1291 http cache natural-compare@https://registry.npmjs.org/natural-compare/-/natural-compare-1.4.0.tgz 0ms (cache hit)
1292 http cache optionator@https://registry.npmjs.org/optionator/-/optionator-0.9.4.tgz 0ms (cache hit)
1293 http cache @types/json-schema@https://registry.npmjs.org/@types/json-schema/-/json-schema-7.0.15.tgz 0ms (cache hit)
1294 http cache minimatch@https://registry.npmjs.org/minimatch/-/minimatch-3.1.5.tgz 0ms (cache hit)
1295 http cache lodash.merge@https://registry.npmjs.org/lodash.merge/-/lodash.merge-4.6.2.tgz 0ms (cache hit)
1296 http cache json-stable-stringify-without-jsonify@https://registry.npmjs.org/json-stable-stringify-without-jsonify/-/json-stable-stringify-without-jsonify-1.0.1.tgz 0ms (cache hit)
1297 http cache imurmurhash@https://registry.npmjs.org/imurmurhash/-/imurmurhash-0.1.4.tgz 0ms (cache hit)
1298 http cache ignore@https://registry.npmjs.org/ignore/-/ignore-5.3.2.tgz 0ms (cache hit)
1299 http cache is-glob@https://registry.npmjs.org/is-glob/-/is-glob-4.0.3.tgz 0ms (cache hit)
1300 http cache glob-parent@https://registry.npmjs.org/glob-parent/-/glob-parent-6.0.2.tgz 1ms (cache hit)
1301 http cache find-up@https://registry.npmjs.org/find-up/-/find-up-5.0.0.tgz 0ms (cache hit)
1302 http cache file-entry-cache@https://registry.npmjs.org/file-entry-cache/-/file-entry-cache-8.0.0.tgz 0ms (cache hit)
1303 http cache esutils@https://registry.npmjs.org/esutils/-/esutils-2.0.3.tgz 0ms (cache hit)
1304 http cache fast-deep-equal@https://registry.npmjs.org/fast-deep-equal/-/fast-deep-equal-3.1.3.tgz 0ms (cache hit)
1305 http cache esquery@https://registry.npmjs.org/esquery/-/esquery-1.7.0.tgz 0ms (cache hit)
1306 http cache espree@https://registry.npmjs.org/espree/-/espree-10.4.0.tgz 0ms (cache hit)
1307 http cache eslint-visitor-keys@https://registry.npmjs.org/eslint-visitor-keys/-/eslint-visitor-keys-4.2.1.tgz 0ms (cache hit)
1308 http cache cross-spawn@https://registry.npmjs.org/cross-spawn/-/cross-spawn-7.0.6.tgz 0ms (cache hit)
1309 http cache escape-string-regexp@https://registry.npmjs.org/escape-string-regexp/-/escape-string-regexp-4.0.0.tgz 0ms (cache hit)
1310 http cache eslint-scope@https://registry.npmjs.org/eslint-scope/-/eslint-scope-8.4.0.tgz 0ms (cache hit)
1311 http cache chalk@https://registry.npmjs.org/chalk/-/chalk-4.1.2.tgz 0ms (cache hit)
1312 http cache ajv@https://registry.npmjs.org/ajv/-/ajv-6.14.0.tgz 0ms (cache hit)
1313 http cache @types/estree@https://registry.npmjs.org/@types/estree/-/estree-1.0.8.tgz 0ms (cache hit)
1314 http cache @humanfs/node@https://registry.npmjs.org/@humanfs/node/-/node-0.16.7.tgz 0ms (cache hit)
1315 http cache @humanwhocodes/module-importer@https://registry.npmjs.org/@humanwhocodes/module-importer/-/module-importer-1.0.1.tgz 0ms (cache hit)
1316 http cache @humanwhocodes/retry@https://registry.npmjs.org/@humanwhocodes/retry/-/retry-0.4.3.tgz 0ms (cache hit)
1317 http cache @eslint/plugin-kit@https://registry.npmjs.org/@eslint/plugin-kit/-/plugin-kit-0.4.1.tgz 0ms (cache hit)
1318 http cache @eslint/eslintrc@https://registry.npmjs.org/@eslint/eslintrc/-/eslintrc-3.3.4.tgz 0ms (cache hit)
1319 http cache @eslint/core@https://registry.npmjs.org/@eslint/core/-/core-0.17.0.tgz 0ms (cache hit)
1320 http cache @eslint/config-helpers@https://registry.npmjs.org/@eslint/config-helpers/-/config-helpers-0.4.2.tgz 0ms (cache hit)
1321 http cache @eslint/config-array@https://registry.npmjs.org/@eslint/config-array/-/config-array-0.21.1.tgz 0ms (cache hit)
1322 http cache @eslint-community/eslint-utils@https://registry.npmjs.org/@eslint-community/eslint-utils/-/eslint-utils-4.9.1.tgz 0ms (cache hit)
1323 http cache ms@https://registry.npmjs.org/ms/-/ms-2.1.3.tgz 0ms (cache hit)
1324 http cache update-browserslist-db@https://registry.npmjs.org/update-browserslist-db/-/update-browserslist-db-1.2.3.tgz 0ms (cache hit)
1325 http cache node-releases@https://registry.npmjs.org/node-releases/-/node-releases-2.0.36.tgz 0ms (cache hit)
1326 http cache electron-to-chromium@https://registry.npmjs.org/electron-to-chromium/-/electron-to-chromium-1.5.307.tgz 0ms (cache hit)
1327 http cache @eslint-community/regexpp@https://registry.npmjs.org/@eslint-community/regexpp/-/regexpp-4.12.2.tgz 0ms (cache hit)
1328 http cache baseline-browser-mapping@https://registry.npmjs.org/baseline-browser-mapping/-/baseline-browser-mapping-2.10.0.tgz 0ms (cache hit)
1329 http cache @types/babel__traverse@https://registry.npmjs.org/@types/babel__traverse/-/babel__traverse-7.28.0.tgz 0ms (cache hit)
1330 http cache @types/babel__generator@https://registry.npmjs.org/@types/babel__generator/-/babel__generator-7.27.0.tgz 0ms (cache hit)
1331 http cache caniuse-lite@https://registry.npmjs.org/caniuse-lite/-/caniuse-lite-1.0.30001776.tgz 0ms (cache hit)
1332 http cache @jridgewell/resolve-uri@https://registry.npmjs.org/@jridgewell/resolve-uri/-/resolve-uri-3.1.2.tgz 0ms (cache hit)
1333 http cache @types/babel__template@https://registry.npmjs.org/@types/babel__template/-/babel__template-7.4.4.tgz 0ms (cache hit)
1334 http cache @jridgewell/sourcemap-codec@https://registry.npmjs.org/@jridgewell/sourcemap-codec/-/sourcemap-codec-1.5.5.tgz 0ms (cache hit)
1335 http cache @babel/helper-string-parser@https://registry.npmjs.org/@babel/helper-string-parser/-/helper-string-parser-7.27.1.tgz 0ms (cache hit)
1336 http cache lru-cache@https://registry.npmjs.org/lru-cache/-/lru-cache-5.1.1.tgz 0ms (cache hit)
1337 http cache browserslist@https://registry.npmjs.org/browserslist/-/browserslist-4.28.1.tgz 0ms (cache hit)
1338 http cache @babel/helper-globals@https://registry.npmjs.org/@babel/helper-globals/-/helper-globals-7.28.0.tgz 0ms (cache hit)
1339 http cache @babel/helper-plugin-utils@https://registry.npmjs.org/@babel/helper-plugin-utils/-/helper-plugin-utils-7.28.6.tgz 0ms (cache hit)
1340 http cache @babel/helper-module-imports@https://registry.npmjs.org/@babel/helper-module-imports/-/helper-module-imports-7.28.6.tgz 0ms (cache hit)
1341 http cache jsesc@https://registry.npmjs.org/jsesc/-/jsesc-3.1.0.tgz 0ms (cache hit)
1342 http cache @jridgewell/trace-mapping@https://registry.npmjs.org/@jridgewell/trace-mapping/-/trace-mapping-0.3.31.tgz 0ms (cache hit)
1343 http cache @babel/helper-validator-option@https://registry.npmjs.org/@babel/helper-validator-option/-/helper-validator-option-7.27.1.tgz 0ms (cache hit)
1344 http cache @jridgewell/gen-mapping@https://registry.npmjs.org/@jridgewell/gen-mapping/-/gen-mapping-0.3.13.tgz 0ms (cache hit)
1345 http cache @babel/compat-data@https://registry.npmjs.org/@babel/compat-data/-/compat-data-7.29.0.tgz 0ms (cache hit)
1346 http cache js-tokens@https://registry.npmjs.org/js-tokens/-/js-tokens-4.0.0.tgz 0ms (cache hit)
1347 http cache semver@https://registry.npmjs.org/semver/-/semver-6.3.1.tgz 0ms (cache hit)
1348 http cache picocolors@https://registry.npmjs.org/picocolors/-/picocolors-1.1.1.tgz 0ms (cache hit)
1349 http cache @babel/helper-validator-identifier@https://registry.npmjs.org/@babel/helper-validator-identifier/-/helper-validator-identifier-7.28.5.tgz 0ms (cache hit)
1350 http cache json5@https://registry.npmjs.org/json5/-/json5-2.2.3.tgz 0ms (cache hit)
1351 http cache @jridgewell/remapping@https://registry.npmjs.org/@jridgewell/remapping/-/remapping-2.3.5.tgz 0ms (cache hit)
1352 http cache @babel/types@https://registry.npmjs.org/@babel/types/-/types-7.29.0.tgz 0ms (cache hit)
1353 http cache convert-source-map@https://registry.npmjs.org/convert-source-map/-/convert-source-map-2.0.0.tgz 0ms (cache hit)
1354 http cache @babel/traverse@https://registry.npmjs.org/@babel/traverse/-/traverse-7.29.0.tgz 0ms (cache hit)
1355 http cache gensync@https://registry.npmjs.org/gensync/-/gensync-1.0.0-beta.2.tgz 0ms (cache hit)
1356 http cache @babel/parser@https://registry.npmjs.org/@babel/parser/-/parser-7.29.0.tgz 0ms (cache hit)
1357 http cache debug@https://registry.npmjs.org/debug/-/debug-4.4.3.tgz 0ms (cache hit)
1358 http cache @babel/template@https://registry.npmjs.org/@babel/template/-/template-7.28.6.tgz 0ms (cache hit)
1359 http cache @babel/helpers@https://registry.npmjs.org/@babel/helpers/-/helpers-7.28.6.tgz 0ms (cache hit)
1360 http cache @babel/helper-module-transforms@https://registry.npmjs.org/@babel/helper-module-transforms/-/helper-module-transforms-7.28.6.tgz 0ms (cache hit)
1361 http cache react-refresh@https://registry.npmjs.org/react-refresh/-/react-refresh-0.18.0.tgz 0ms (cache hit)
1362 http cache @babel/code-frame@https://registry.npmjs.org/@babel/code-frame/-/code-frame-7.29.0.tgz 0ms (cache hit)
1363 http cache @babel/helper-compilation-targets@https://registry.npmjs.org/@babel/helper-compilation-targets/-/helper-compilation-targets-7.28.6.tgz 0ms (cache hit)
1364 http cache @types/babel__core@https://registry.npmjs.org/@types/babel__core/-/babel__core-7.20.5.tgz 0ms (cache hit)
1365 http cache @rolldown/pluginutils@https://registry.npmjs.org/@rolldown/pluginutils/-/pluginutils-1.0.0-rc.3.tgz 0ms (cache hit)
1366 http cache @babel/generator@https://registry.npmjs.org/@babel/generator/-/generator-7.29.1.tgz 0ms (cache hit)
1367 http cache vite@https://registry.npmjs.org/vite/-/vite-7.3.1.tgz 0ms (cache hit)
1368 http cache csstype@https://registry.npmjs.org/csstype/-/csstype-3.2.3.tgz 0ms (cache hit)
1369 http cache react-dom@https://registry.npmjs.org/react-dom/-/react-dom-19.2.4.tgz 0ms (cache hit)
1370 http cache @babel/plugin-transform-react-jsx-source@https://registry.npmjs.org/@babel/plugin-transform-react-jsx-source/-/plugin-transform-react-jsx-source-7.27.1.tgz 0ms (cache hit)
1371 http cache react@https://registry.npmjs.org/react/-/react-19.2.4.tgz 0ms (cache hit)
1372 http cache @babel/core@https://registry.npmjs.org/@babel/core/-/core-7.29.0.tgz 0ms (cache hit)
1373 http cache @babel/plugin-transform-react-jsx-self@https://registry.npmjs.org/@babel/plugin-transform-react-jsx-self/-/plugin-transform-react-jsx-self-7.27.1.tgz 0ms (cache hit)
1374 http cache eslint-plugin-react-refresh@https://registry.npmjs.org/eslint-plugin-react-refresh/-/eslint-plugin-react-refresh-0.4.26.tgz 0ms (cache hit)
1375 http cache eslint-plugin-react-hooks@https://registry.npmjs.org/eslint-plugin-react-hooks/-/eslint-plugin-react-hooks-7.0.1.tgz 0ms (cache hit)
1376 http cache globals@https://registry.npmjs.org/globals/-/globals-16.5.0.tgz 0ms (cache hit)
1377 http cache @vitejs/plugin-react@https://registry.npmjs.org/@vitejs/plugin-react/-/plugin-react-5.1.4.tgz 0ms (cache hit)
1378 http cache @types/react-dom@https://registry.npmjs.org/@types/react-dom/-/react-dom-19.2.3.tgz 0ms (cache hit)
1379 http cache eslint@https://registry.npmjs.org/eslint/-/eslint-9.39.3.tgz 0ms (cache hit)
1380 http cache @types/react@https://registry.npmjs.org/@types/react/-/react-19.2.14.tgz 0ms (cache hit)
1381 http cache @eslint/js@https://registry.npmjs.org/@eslint/js/-/js-9.39.3.tgz 0ms (cache hit)
1382 silly tarball no local data for isexe@https://registry.npmjs.org/isexe/-/isexe-2.0.0.tgz. Extracting by manifest.
1383 silly tarball no local data for @rollup/rollup-win32-x64-msvc@https://registry.npmjs.org/@rollup/rollup-win32-x64-msvc/-/rollup-win32-x64-msvc-4.59.0.tgz. Extracting by manifest.
1384 silly tarball no local data for @rollup/rollup-win32-x64-gnu@https://registry.npmjs.org/@rollup/rollup-win32-x64-gnu/-/rollup-win32-x64-gnu-4.59.0.tgz. Extracting by manifest.
1385 http cache globals@https://registry.npmjs.org/globals/-/globals-14.0.0.tgz 0ms (cache hit)
1386 silly tarball no local data for nanoid@https://registry.npmjs.org/nanoid/-/nanoid-3.3.11.tgz. Extracting by manifest.
1387 silly tarball no local data for source-map-js@https://registry.npmjs.org/source-map-js/-/source-map-js-1.2.1.tgz. Extracting by manifest.
1388 silly tarball no local data for @esbuild/win32-x64@https://registry.npmjs.org/@esbuild/win32-x64/-/win32-x64-0.27.3.tgz. Extracting by manifest.
1389 silly tarball no local data for tinyglobby@https://registry.npmjs.org/tinyglobby/-/tinyglobby-0.2.15.tgz. Extracting by manifest.
1390 silly tarball no local data for rollup@https://registry.npmjs.org/rollup/-/rollup-4.59.0.tgz. Extracting by manifest.
1391 silly tarball no local data for postcss@https://registry.npmjs.org/postcss/-/postcss-8.5.8.tgz. Extracting by manifest.
1392 silly tarball no local data for picomatch@https://registry.npmjs.org/picomatch/-/picomatch-4.0.3.tgz. Extracting by manifest.
1393 silly tarball no local data for fdir@https://registry.npmjs.org/fdir/-/fdir-6.5.0.tgz. Extracting by manifest.
1394 silly tarball no local data for esbuild@https://registry.npmjs.org/esbuild/-/esbuild-0.27.3.tgz. Extracting by manifest.
1395 silly tarball no local data for punycode@https://registry.npmjs.org/punycode/-/punycode-2.3.1.tgz. Extracting by manifest.
1396 silly tarball no local data for escalade@https://registry.npmjs.org/escalade/-/escalade-3.2.0.tgz. Extracting by manifest.
1397 silly tarball no local data for has-flag@https://registry.npmjs.org/has-flag/-/has-flag-4.0.0.tgz. Extracting by manifest.
1398 http cache eslint-visitor-keys@https://registry.npmjs.org/eslint-visitor-keys/-/eslint-visitor-keys-3.4.3.tgz 0ms (cache hit)
1399 silly tarball no local data for shebang-regex@https://registry.npmjs.org/shebang-regex/-/shebang-regex-3.0.0.tgz. Extracting by manifest.
1400 silly tarball no local data for p-limit@https://registry.npmjs.org/p-limit/-/p-limit-3.1.0.tgz. Extracting by manifest.
1401 silly tarball no local data for scheduler@https://registry.npmjs.org/scheduler/-/scheduler-0.27.0.tgz. Extracting by manifest.
1402 silly tarball no local data for word-wrap@https://registry.npmjs.org/word-wrap/-/word-wrap-1.2.5.tgz. Extracting by manifest.
1403 silly tarball no local data for callsites@https://registry.npmjs.org/callsites/-/callsites-3.1.0.tgz. Extracting by manifest.
1404 silly tarball no local data for yocto-queue@https://registry.npmjs.org/yocto-queue/-/yocto-queue-0.1.0.tgz. Extracting by manifest.
1405 silly tarball no local data for deep-is@https://registry.npmjs.org/deep-is/-/deep-is-0.1.4.tgz. Extracting by manifest.
1406 silly tarball no local data for fast-levenshtein@https://registry.npmjs.org/fast-levenshtein/-/fast-levenshtein-2.0.6.tgz. Extracting by manifest.
1407 silly tarball no local data for concat-map@https://registry.npmjs.org/concat-map/-/concat-map-0.0.1.tgz. Extracting by manifest.
1408 silly tarball no local data for balanced-match@https://registry.npmjs.org/balanced-match/-/balanced-match-1.0.2.tgz. Extracting by manifest.
1409 silly tarball no local data for yallist@https://registry.npmjs.org/yallist/-/yallist-3.1.1.tgz. Extracting by manifest.
1410 silly tarball no local data for p-locate@https://registry.npmjs.org/p-locate/-/p-locate-5.0.0.tgz. Extracting by manifest.
1411 silly tarball no local data for prelude-ls@https://registry.npmjs.org/prelude-ls/-/prelude-ls-1.2.1.tgz. Extracting by manifest.
1412 silly tarball no local data for brace-expansion@https://registry.npmjs.org/brace-expansion/-/brace-expansion-1.1.12.tgz. Extracting by manifest.
1413 silly tarball no local data for json-buffer@https://registry.npmjs.org/json-buffer/-/json-buffer-3.0.1.tgz. Extracting by manifest.
1414 silly tarball no local data for argparse@https://registry.npmjs.org/argparse/-/argparse-2.0.1.tgz. Extracting by manifest.
1415 silly tarball no local data for is-extglob@https://registry.npmjs.org/is-extglob/-/is-extglob-2.1.1.tgz. Extracting by manifest.
1416 silly tarball no local data for resolve-from@https://registry.npmjs.org/resolve-from/-/resolve-from-4.0.0.tgz. Extracting by manifest.
1417 silly tarball no local data for parent-module@https://registry.npmjs.org/parent-module/-/parent-module-1.0.1.tgz. Extracting by manifest.
1418 silly tarball no local data for type-check@https://registry.npmjs.org/type-check/-/type-check-0.4.0.tgz. Extracting by manifest.
1419 silly tarball no local data for hermes-estree@https://registry.npmjs.org/hermes-estree/-/hermes-estree-0.25.1.tgz. Extracting by manifest.
1420 silly tarball no local data for flatted@https://registry.npmjs.org/flatted/-/flatted-3.3.4.tgz. Extracting by manifest.
1421 silly tarball no local data for keyv@https://registry.npmjs.org/keyv/-/keyv-4.5.4.tgz. Extracting by manifest.
1422 silly tarball no local data for locate-path@https://registry.npmjs.org/locate-path/-/locate-path-6.0.0.tgz. Extracting by manifest.
1423 silly tarball no local data for flat-cache@https://registry.npmjs.org/flat-cache/-/flat-cache-4.0.1.tgz. Extracting by manifest.
1424 silly tarball no local data for acorn-jsx@https://registry.npmjs.org/acorn-jsx/-/acorn-jsx-5.3.2.tgz. Extracting by manifest.
1425 silly tarball no local data for path-exists@https://registry.npmjs.org/path-exists/-/path-exists-4.0.0.tgz. Extracting by manifest.
1426 silly tarball no local data for acorn@https://registry.npmjs.org/acorn/-/acorn-8.16.0.tgz. Extracting by manifest.
1427 silly tarball no local data for esrecurse@https://registry.npmjs.org/esrecurse/-/esrecurse-4.3.0.tgz. Extracting by manifest.
1428 silly tarball no local data for estraverse@https://registry.npmjs.org/estraverse/-/estraverse-5.3.0.tgz. Extracting by manifest.
1429 silly tarball no local data for zod@https://registry.npmjs.org/zod/-/zod-4.3.6.tgz. Extracting by manifest.
1430 silly tarball no local data for hermes-parser@https://registry.npmjs.org/hermes-parser/-/hermes-parser-0.25.1.tgz. Extracting by manifest.
1431 silly tarball no local data for zod-validation-error@https://registry.npmjs.org/zod-validation-error/-/zod-validation-error-4.0.2.tgz. Extracting by manifest.
1432 silly tarball no local data for path-key@https://registry.npmjs.org/path-key/-/path-key-3.1.1.tgz. Extracting by manifest.
1433 silly tarball no local data for which@https://registry.npmjs.org/which/-/which-2.0.2.tgz. Extracting by manifest.
1434 silly tarball no local data for shebang-command@https://registry.npmjs.org/shebang-command/-/shebang-command-2.0.0.tgz. Extracting by manifest.
1435 silly tarball no local data for color-name@https://registry.npmjs.org/color-name/-/color-name-1.1.4.tgz. Extracting by manifest.
1436 silly tarball no local data for ansi-styles@https://registry.npmjs.org/ansi-styles/-/ansi-styles-4.3.0.tgz. Extracting by manifest.
1437 silly tarball no local data for supports-color@https://registry.npmjs.org/supports-color/-/supports-color-7.2.0.tgz. Extracting by manifest.
1438 silly tarball no local data for color-convert@https://registry.npmjs.org/color-convert/-/color-convert-2.0.1.tgz. Extracting by manifest.
1439 silly tarball no local data for uri-js@https://registry.npmjs.org/uri-js/-/uri-js-4.4.1.tgz. Extracting by manifest.
1440 silly tarball no local data for @humanfs/core@https://registry.npmjs.org/@humanfs/core/-/core-0.19.1.tgz. Extracting by manifest.
1441 silly tarball no local data for json-schema-traverse@https://registry.npmjs.org/json-schema-traverse/-/json-schema-traverse-0.4.1.tgz. Extracting by manifest.
1442 silly tarball no local data for fast-json-stable-stringify@https://registry.npmjs.org/fast-json-stable-stringify/-/fast-json-stable-stringify-2.1.0.tgz. Extracting by manifest.
1443 silly tarball no local data for levn@https://registry.npmjs.org/levn/-/levn-0.4.1.tgz. Extracting by manifest.
1444 silly tarball no local data for strip-json-comments@https://registry.npmjs.org/strip-json-comments/-/strip-json-comments-3.1.1.tgz. Extracting by manifest.
1445 silly tarball no local data for @eslint/object-schema@https://registry.npmjs.org/@eslint/object-schema/-/object-schema-2.1.7.tgz. Extracting by manifest.
1446 silly tarball no local data for js-yaml@https://registry.npmjs.org/js-yaml/-/js-yaml-4.1.1.tgz. Extracting by manifest.
1447 silly tarball no local data for import-fresh@https://registry.npmjs.org/import-fresh/-/import-fresh-3.3.1.tgz. Extracting by manifest.
1448 silly tarball no local data for natural-compare@https://registry.npmjs.org/natural-compare/-/natural-compare-1.4.0.tgz. Extracting by manifest.
1449 silly tarball no local data for optionator@https://registry.npmjs.org/optionator/-/optionator-0.9.4.tgz. Extracting by manifest.
1450 silly tarball no local data for @types/json-schema@https://registry.npmjs.org/@types/json-schema/-/json-schema-7.0.15.tgz. Extracting by manifest.
1451 silly tarball no local data for minimatch@https://registry.npmjs.org/minimatch/-/minimatch-3.1.5.tgz. Extracting by manifest.
1452 silly tarball no local data for lodash.merge@https://registry.npmjs.org/lodash.merge/-/lodash.merge-4.6.2.tgz. Extracting by manifest.
1453 silly tarball no local data for json-stable-stringify-without-jsonify@https://registry.npmjs.org/json-stable-stringify-without-jsonify/-/json-stable-stringify-without-jsonify-1.0.1.tgz. Extracting by manifest.
1454 silly tarball no local data for imurmurhash@https://registry.npmjs.org/imurmurhash/-/imurmurhash-0.1.4.tgz. Extracting by manifest.
1455 silly tarball no local data for ignore@https://registry.npmjs.org/ignore/-/ignore-5.3.2.tgz. Extracting by manifest.
1456 silly tarball no local data for is-glob@https://registry.npmjs.org/is-glob/-/is-glob-4.0.3.tgz. Extracting by manifest.
1457 silly tarball no local data for glob-parent@https://registry.npmjs.org/glob-parent/-/glob-parent-6.0.2.tgz. Extracting by manifest.
1458 silly tarball no local data for find-up@https://registry.npmjs.org/find-up/-/find-up-5.0.0.tgz. Extracting by manifest.
1459 silly tarball no local data for file-entry-cache@https://registry.npmjs.org/file-entry-cache/-/file-entry-cache-8.0.0.tgz. Extracting by manifest.
1460 silly tarball no local data for esutils@https://registry.npmjs.org/esutils/-/esutils-2.0.3.tgz. Extracting by manifest.
1461 silly tarball no local data for fast-deep-equal@https://registry.npmjs.org/fast-deep-equal/-/fast-deep-equal-3.1.3.tgz. Extracting by manifest.
1462 silly tarball no local data for esquery@https://registry.npmjs.org/esquery/-/esquery-1.7.0.tgz. Extracting by manifest.
1463 silly tarball no local data for espree@https://registry.npmjs.org/espree/-/espree-10.4.0.tgz. Extracting by manifest.
1464 silly tarball no local data for eslint-visitor-keys@https://registry.npmjs.org/eslint-visitor-keys/-/eslint-visitor-keys-4.2.1.tgz. Extracting by manifest.
1465 silly tarball no local data for cross-spawn@https://registry.npmjs.org/cross-spawn/-/cross-spawn-7.0.6.tgz. Extracting by manifest.
1466 silly tarball no local data for escape-string-regexp@https://registry.npmjs.org/escape-string-regexp/-/escape-string-regexp-4.0.0.tgz. Extracting by manifest.
1467 silly tarball no local data for eslint-scope@https://registry.npmjs.org/eslint-scope/-/eslint-scope-8.4.0.tgz. Extracting by manifest.
1468 silly tarball no local data for chalk@https://registry.npmjs.org/chalk/-/chalk-4.1.2.tgz. Extracting by manifest.
1469 silly tarball no local data for ajv@https://registry.npmjs.org/ajv/-/ajv-6.14.0.tgz. Extracting by manifest.
1470 silly tarball no local data for @types/estree@https://registry.npmjs.org/@types/estree/-/estree-1.0.8.tgz. Extracting by manifest.
1471 silly tarball no local data for @humanfs/node@https://registry.npmjs.org/@humanfs/node/-/node-0.16.7.tgz. Extracting by manifest.
1472 silly tarball no local data for @humanwhocodes/module-importer@https://registry.npmjs.org/@humanwhocodes/module-importer/-/module-importer-1.0.1.tgz. Extracting by manifest.
1473 silly tarball no local data for @humanwhocodes/retry@https://registry.npmjs.org/@humanwhocodes/retry/-/retry-0.4.3.tgz. Extracting by manifest.
1474 silly tarball no local data for @eslint/plugin-kit@https://registry.npmjs.org/@eslint/plugin-kit/-/plugin-kit-0.4.1.tgz. Extracting by manifest.
1475 silly tarball no local data for @eslint/eslintrc@https://registry.npmjs.org/@eslint/eslintrc/-/eslintrc-3.3.4.tgz. Extracting by manifest.
1476 silly tarball no local data for @eslint/core@https://registry.npmjs.org/@eslint/core/-/core-0.17.0.tgz. Extracting by manifest.
1477 silly tarball no local data for @eslint/config-helpers@https://registry.npmjs.org/@eslint/config-helpers/-/config-helpers-0.4.2.tgz. Extracting by manifest.
1478 silly tarball no local data for @eslint/config-array@https://registry.npmjs.org/@eslint/config-array/-/config-array-0.21.1.tgz. Extracting by manifest.
1479 silly tarball no local data for @eslint-community/eslint-utils@https://registry.npmjs.org/@eslint-community/eslint-utils/-/eslint-utils-4.9.1.tgz. Extracting by manifest.
1480 silly tarball no local data for ms@https://registry.npmjs.org/ms/-/ms-2.1.3.tgz. Extracting by manifest.
1481 silly tarball no local data for update-browserslist-db@https://registry.npmjs.org/update-browserslist-db/-/update-browserslist-db-1.2.3.tgz. Extracting by manifest.
1482 silly tarball no local data for node-releases@https://registry.npmjs.org/node-releases/-/node-releases-2.0.36.tgz. Extracting by manifest.
1483 silly tarball no local data for electron-to-chromium@https://registry.npmjs.org/electron-to-chromium/-/electron-to-chromium-1.5.307.tgz. Extracting by manifest.
1484 silly tarball no local data for @eslint-community/regexpp@https://registry.npmjs.org/@eslint-community/regexpp/-/regexpp-4.12.2.tgz. Extracting by manifest.
1485 silly tarball no local data for baseline-browser-mapping@https://registry.npmjs.org/baseline-browser-mapping/-/baseline-browser-mapping-2.10.0.tgz. Extracting by manifest.
1486 silly tarball no local data for @types/babel__traverse@https://registry.npmjs.org/@types/babel__traverse/-/babel__traverse-7.28.0.tgz. Extracting by manifest.
1487 silly tarball no local data for @types/babel__generator@https://registry.npmjs.org/@types/babel__generator/-/babel__generator-7.27.0.tgz. Extracting by manifest.
1488 silly tarball no local data for caniuse-lite@https://registry.npmjs.org/caniuse-lite/-/caniuse-lite-1.0.30001776.tgz. Extracting by manifest.
1489 silly tarball no local data for @jridgewell/resolve-uri@https://registry.npmjs.org/@jridgewell/resolve-uri/-/resolve-uri-3.1.2.tgz. Extracting by manifest.
1490 silly tarball no local data for @types/babel__template@https://registry.npmjs.org/@types/babel__template/-/babel__template-7.4.4.tgz. Extracting by manifest.
1491 silly tarball no local data for @jridgewell/sourcemap-codec@https://registry.npmjs.org/@jridgewell/sourcemap-codec/-/sourcemap-codec-1.5.5.tgz. Extracting by manifest.
1492 silly tarball no local data for @babel/helper-string-parser@https://registry.npmjs.org/@babel/helper-string-parser/-/helper-string-parser-7.27.1.tgz. Extracting by manifest.
1493 silly tarball no local data for lru-cache@https://registry.npmjs.org/lru-cache/-/lru-cache-5.1.1.tgz. Extracting by manifest.
1494 silly tarball no local data for browserslist@https://registry.npmjs.org/browserslist/-/browserslist-4.28.1.tgz. Extracting by manifest.
1495 silly tarball no local data for @babel/helper-globals@https://registry.npmjs.org/@babel/helper-globals/-/helper-globals-7.28.0.tgz. Extracting by manifest.
1496 silly tarball no local data for @babel/helper-plugin-utils@https://registry.npmjs.org/@babel/helper-plugin-utils/-/helper-plugin-utils-7.28.6.tgz. Extracting by manifest.
1497 silly tarball no local data for @babel/helper-module-imports@https://registry.npmjs.org/@babel/helper-module-imports/-/helper-module-imports-7.28.6.tgz. Extracting by manifest.
1498 silly tarball no local data for jsesc@https://registry.npmjs.org/jsesc/-/jsesc-3.1.0.tgz. Extracting by manifest.
1499 silly tarball no local data for @jridgewell/trace-mapping@https://registry.npmjs.org/@jridgewell/trace-mapping/-/trace-mapping-0.3.31.tgz. Extracting by manifest.
1500 silly tarball no local data for @babel/helper-validator-option@https://registry.npmjs.org/@babel/helper-validator-option/-/helper-validator-option-7.27.1.tgz. Extracting by manifest.
1501 silly tarball no local data for @jridgewell/gen-mapping@https://registry.npmjs.org/@jridgewell/gen-mapping/-/gen-mapping-0.3.13.tgz. Extracting by manifest.
1502 silly tarball no local data for @babel/compat-data@https://registry.npmjs.org/@babel/compat-data/-/compat-data-7.29.0.tgz. Extracting by manifest.
1503 silly tarball no local data for js-tokens@https://registry.npmjs.org/js-tokens/-/js-tokens-4.0.0.tgz. Extracting by manifest.
1504 silly tarball no local data for semver@https://registry.npmjs.org/semver/-/semver-6.3.1.tgz. Extracting by manifest.
1505 silly tarball no local data for picocolors@https://registry.npmjs.org/picocolors/-/picocolors-1.1.1.tgz. Extracting by manifest.
1506 silly tarball no local data for @babel/helper-validator-identifier@https://registry.npmjs.org/@babel/helper-validator-identifier/-/helper-validator-identifier-7.28.5.tgz. Extracting by manifest.
1507 silly tarball no local data for json5@https://registry.npmjs.org/json5/-/json5-2.2.3.tgz. Extracting by manifest.
1508 silly tarball no local data for @jridgewell/remapping@https://registry.npmjs.org/@jridgewell/remapping/-/remapping-2.3.5.tgz. Extracting by manifest.
1509 silly tarball no local data for @babel/types@https://registry.npmjs.org/@babel/types/-/types-7.29.0.tgz. Extracting by manifest.
1510 silly tarball no local data for convert-source-map@https://registry.npmjs.org/convert-source-map/-/convert-source-map-2.0.0.tgz. Extracting by manifest.
1511 silly tarball no local data for @babel/traverse@https://registry.npmjs.org/@babel/traverse/-/traverse-7.29.0.tgz. Extracting by manifest.
1512 silly tarball no local data for gensync@https://registry.npmjs.org/gensync/-/gensync-1.0.0-beta.2.tgz. Extracting by manifest.
1513 silly tarball no local data for @babel/parser@https://registry.npmjs.org/@babel/parser/-/parser-7.29.0.tgz. Extracting by manifest.
1514 silly tarball no local data for debug@https://registry.npmjs.org/debug/-/debug-4.4.3.tgz. Extracting by manifest.
1515 silly tarball no local data for @babel/template@https://registry.npmjs.org/@babel/template/-/template-7.28.6.tgz. Extracting by manifest.
1516 silly tarball no local data for @babel/helpers@https://registry.npmjs.org/@babel/helpers/-/helpers-7.28.6.tgz. Extracting by manifest.
1517 silly tarball no local data for @babel/helper-module-transforms@https://registry.npmjs.org/@babel/helper-module-transforms/-/helper-module-transforms-7.28.6.tgz. Extracting by manifest.
1518 silly tarball no local data for react-refresh@https://registry.npmjs.org/react-refresh/-/react-refresh-0.18.0.tgz. Extracting by manifest.
1519 silly tarball no local data for @babel/code-frame@https://registry.npmjs.org/@babel/code-frame/-/code-frame-7.29.0.tgz. Extracting by manifest.
1520 silly tarball no local data for @babel/helper-compilation-targets@https://registry.npmjs.org/@babel/helper-compilation-targets/-/helper-compilation-targets-7.28.6.tgz. Extracting by manifest.
1521 silly tarball no local data for @types/babel__core@https://registry.npmjs.org/@types/babel__core/-/babel__core-7.20.5.tgz. Extracting by manifest.
1522 silly tarball no local data for @rolldown/pluginutils@https://registry.npmjs.org/@rolldown/pluginutils/-/pluginutils-1.0.0-rc.3.tgz. Extracting by manifest.
1523 silly tarball no local data for @babel/generator@https://registry.npmjs.org/@babel/generator/-/generator-7.29.1.tgz. Extracting by manifest.
1524 silly tarball no local data for vite@https://registry.npmjs.org/vite/-/vite-7.3.1.tgz. Extracting by manifest.
1525 silly tarball no local data for csstype@https://registry.npmjs.org/csstype/-/csstype-3.2.3.tgz. Extracting by manifest.
1526 silly tarball no local data for react-dom@https://registry.npmjs.org/react-dom/-/react-dom-19.2.4.tgz. Extracting by manifest.
1527 silly tarball no local data for @babel/plugin-transform-react-jsx-source@https://registry.npmjs.org/@babel/plugin-transform-react-jsx-source/-/plugin-transform-react-jsx-source-7.27.1.tgz. Extracting by manifest.
1528 silly tarball no local data for react@https://registry.npmjs.org/react/-/react-19.2.4.tgz. Extracting by manifest.
1529 silly tarball no local data for @babel/core@https://registry.npmjs.org/@babel/core/-/core-7.29.0.tgz. Extracting by manifest.
1530 silly tarball no local data for @babel/plugin-transform-react-jsx-self@https://registry.npmjs.org/@babel/plugin-transform-react-jsx-self/-/plugin-transform-react-jsx-self-7.27.1.tgz. Extracting by manifest.
1531 silly tarball no local data for eslint-plugin-react-refresh@https://registry.npmjs.org/eslint-plugin-react-refresh/-/eslint-plugin-react-refresh-0.4.26.tgz. Extracting by manifest.
1532 silly tarball no local data for eslint-plugin-react-hooks@https://registry.npmjs.org/eslint-plugin-react-hooks/-/eslint-plugin-react-hooks-7.0.1.tgz. Extracting by manifest.
1533 silly tarball no local data for globals@https://registry.npmjs.org/globals/-/globals-16.5.0.tgz. Extracting by manifest.
1534 silly tarball no local data for @vitejs/plugin-react@https://registry.npmjs.org/@vitejs/plugin-react/-/plugin-react-5.1.4.tgz. Extracting by manifest.
1535 silly tarball no local data for @types/react-dom@https://registry.npmjs.org/@types/react-dom/-/react-dom-19.2.3.tgz. Extracting by manifest.
1536 silly tarball no local data for eslint@https://registry.npmjs.org/eslint/-/eslint-9.39.3.tgz. Extracting by manifest.
1537 silly tarball no local data for @types/react@https://registry.npmjs.org/@types/react/-/react-19.2.14.tgz. Extracting by manifest.
1538 silly tarball no local data for @eslint/js@https://registry.npmjs.org/@eslint/js/-/js-9.39.3.tgz. Extracting by manifest.
1539 silly tarball no local data for globals@https://registry.npmjs.org/globals/-/globals-14.0.0.tgz. Extracting by manifest.
1540 silly tarball no local data for eslint-visitor-keys@https://registry.npmjs.org/eslint-visitor-keys/-/eslint-visitor-keys-3.4.3.tgz. Extracting by manifest.
1541 http fetch GET 200 https://registry.npmjs.org/nanoid/-/nanoid-3.3.11.tgz 1403ms (cache miss)
1542 http fetch GET 200 https://registry.npmjs.org/fdir/-/fdir-6.5.0.tgz 1453ms (cache miss)
1543 http fetch GET 200 https://registry.npmjs.org/isexe/-/isexe-2.0.0.tgz 1464ms (cache miss)
1544 http fetch GET 200 https://registry.npmjs.org/p-limit/-/p-limit-3.1.0.tgz 1532ms (cache miss)
1545 http fetch GET 200 https://registry.npmjs.org/has-flag/-/has-flag-4.0.0.tgz 1638ms (cache miss)
1546 http fetch GET 200 https://registry.npmjs.org/yallist/-/yallist-3.1.1.tgz 1632ms (cache miss)
1547 http fetch GET 200 https://registry.npmjs.org/shebang-regex/-/shebang-regex-3.0.0.tgz 1736ms (cache miss)
1548 http fetch GET 200 https://registry.npmjs.org/scheduler/-/scheduler-0.27.0.tgz 1736ms (cache miss)
1549 http fetch GET 200 https://registry.npmjs.org/yocto-queue/-/yocto-queue-0.1.0.tgz 1736ms (cache miss)
1550 http fetch GET 200 https://registry.npmjs.org/json-buffer/-/json-buffer-3.0.1.tgz 1967ms (cache miss)
1551 http fetch GET 200 https://registry.npmjs.org/resolve-from/-/resolve-from-4.0.0.tgz 1967ms (cache miss)
1552 http fetch GET 200 https://registry.npmjs.org/is-extglob/-/is-extglob-2.1.1.tgz 1968ms (cache miss)
1553 http fetch GET 200 https://registry.npmjs.org/fast-levenshtein/-/fast-levenshtein-2.0.6.tgz 1974ms (cache miss)
1554 http fetch GET 200 https://registry.npmjs.org/keyv/-/keyv-4.5.4.tgz 1968ms (cache miss)
1555 http fetch GET 200 https://registry.npmjs.org/concat-map/-/concat-map-0.0.1.tgz 2049ms (cache miss)
1556 http fetch GET 200 https://registry.npmjs.org/p-locate/-/p-locate-5.0.0.tgz 2048ms (cache miss)
1557 http fetch GET 200 https://registry.npmjs.org/type-check/-/type-check-0.4.0.tgz 2048ms (cache miss)
1558 http fetch GET 200 https://registry.npmjs.org/esrecurse/-/esrecurse-4.3.0.tgz 2046ms (cache miss)
1559 http fetch GET 200 https://registry.npmjs.org/locate-path/-/locate-path-6.0.0.tgz 2107ms (cache miss)
1560 http fetch GET 200 https://registry.npmjs.org/brace-expansion/-/brace-expansion-1.1.12.tgz 2113ms (cache miss)
1561 http fetch GET 200 https://registry.npmjs.org/color-name/-/color-name-1.1.4.tgz 2102ms (cache miss)
1562 http fetch GET 200 https://registry.npmjs.org/path-exists/-/path-exists-4.0.0.tgz 2181ms (cache miss)
1563 http fetch GET 200 https://registry.npmjs.org/estraverse/-/estraverse-5.3.0.tgz 2181ms (cache miss)
1564 http fetch GET 200 https://registry.npmjs.org/path-key/-/path-key-3.1.1.tgz 2179ms (cache miss)
1565 http fetch GET 200 https://registry.npmjs.org/@humanfs/core/-/core-0.19.1.tgz 2247ms (cache miss)
1566 http fetch GET 200 https://registry.npmjs.org/callsites/-/callsites-3.1.0.tgz 2356ms (cache miss)
1567 http fetch GET 200 https://registry.npmjs.org/shebang-command/-/shebang-command-2.0.0.tgz 2340ms (cache miss)
1568 http fetch GET 200 https://registry.npmjs.org/which/-/which-2.0.2.tgz 2346ms (cache miss)
1569 http fetch GET 200 https://registry.npmjs.org/parent-module/-/parent-module-1.0.1.tgz 2356ms (cache miss)
1570 http fetch GET 200 https://registry.npmjs.org/balanced-match/-/balanced-match-1.0.2.tgz 2449ms (cache miss)
1571 http fetch GET 200 https://registry.npmjs.org/json-schema-traverse/-/json-schema-traverse-0.4.1.tgz 2434ms (cache miss)
1572 http fetch GET 200 https://registry.npmjs.org/acorn-jsx/-/acorn-jsx-5.3.2.tgz 2444ms (cache miss)
1573 http fetch GET 200 https://registry.npmjs.org/fast-json-stable-stringify/-/fast-json-stable-stringify-2.1.0.tgz 2500ms (cache miss)
1574 http fetch GET 200 https://registry.npmjs.org/punycode/-/punycode-2.3.1.tgz 2527ms (cache miss)
1575 http fetch GET 200 https://registry.npmjs.org/natural-compare/-/natural-compare-1.4.0.tgz 2502ms (cache miss)
1576 http fetch GET 200 https://registry.npmjs.org/strip-json-comments/-/strip-json-comments-3.1.1.tgz 2505ms (cache miss)
1577 http fetch GET 200 https://registry.npmjs.org/levn/-/levn-0.4.1.tgz 2563ms (cache miss)
1578 http fetch GET 200 https://registry.npmjs.org/word-wrap/-/word-wrap-1.2.5.tgz 2623ms (cache miss)
1579 http fetch GET 200 https://registry.npmjs.org/tinyglobby/-/tinyglobby-0.2.15.tgz 2635ms (cache miss)
1580 http fetch GET 200 https://registry.npmjs.org/minimatch/-/minimatch-3.1.5.tgz 2602ms (cache miss)
1581 http fetch GET 200 https://registry.npmjs.org/import-fresh/-/import-fresh-3.3.1.tgz 2605ms (cache miss)
1582 http fetch GET 200 https://registry.npmjs.org/@types/json-schema/-/json-schema-7.0.15.tgz 2605ms (cache miss)
1583 http fetch GET 200 https://registry.npmjs.org/imurmurhash/-/imurmurhash-0.1.4.tgz 2603ms (cache miss)
1584 http fetch GET 200 https://registry.npmjs.org/ignore/-/ignore-5.3.2.tgz 2606ms (cache miss)
1585 http fetch GET 200 https://registry.npmjs.org/cross-spawn/-/cross-spawn-7.0.6.tgz 2600ms (cache miss)
1586 http fetch GET 200 https://registry.npmjs.org/lodash.merge/-/lodash.merge-4.6.2.tgz 2654ms (cache miss)
1587 http fetch GET 200 https://registry.npmjs.org/fast-deep-equal/-/fast-deep-equal-3.1.3.tgz 2651ms (cache miss)
1588 http fetch GET 200 https://registry.npmjs.org/file-entry-cache/-/file-entry-cache-8.0.0.tgz 2652ms (cache miss)
1589 http fetch GET 200 https://registry.npmjs.org/glob-parent/-/glob-parent-6.0.2.tgz 2655ms (cache miss)
1590 http fetch GET 200 https://registry.npmjs.org/chalk/-/chalk-4.1.2.tgz 2646ms (cache miss)
1591 http fetch GET 200 https://registry.npmjs.org/supports-color/-/supports-color-7.2.0.tgz 2704ms (cache miss)
1592 http fetch GET 200 https://registry.npmjs.org/eslint-visitor-keys/-/eslint-visitor-keys-4.2.1.tgz 2693ms (cache miss)
1593 http fetch GET 200 https://registry.npmjs.org/escape-string-regexp/-/escape-string-regexp-4.0.0.tgz 2687ms (cache miss)
1594 http fetch GET 200 https://registry.npmjs.org/ms/-/ms-2.1.3.tgz 2686ms (cache miss)
1595 http fetch GET 200 https://registry.npmjs.org/update-browserslist-db/-/update-browserslist-db-1.2.3.tgz 2686ms (cache miss)
1596 http fetch GET 200 https://registry.npmjs.org/@eslint/config-helpers/-/config-helpers-0.4.2.tgz 2690ms (cache miss)
1597 http fetch GET 200 https://registry.npmjs.org/@humanwhocodes/retry/-/retry-0.4.3.tgz 2718ms (cache miss)
1598 http fetch GET 200 https://registry.npmjs.org/is-glob/-/is-glob-4.0.3.tgz 2761ms (cache miss)
1599 http fetch GET 200 https://registry.npmjs.org/@types/babel__template/-/babel__template-7.4.4.tgz 2742ms (cache miss)
1600 http fetch GET 200 https://registry.npmjs.org/lru-cache/-/lru-cache-5.1.1.tgz 2769ms (cache miss)
1601 http fetch GET 200 https://registry.npmjs.org/find-up/-/find-up-5.0.0.tgz 2815ms (cache miss)
1602 http fetch GET 200 https://registry.npmjs.org/@types/babel__generator/-/babel__generator-7.27.0.tgz 2798ms (cache miss)
1603 http fetch GET 200 https://registry.npmjs.org/@babel/helper-globals/-/helper-globals-7.28.0.tgz 2796ms (cache miss)
1604 http fetch GET 200 https://registry.npmjs.org/@babel/helper-module-imports/-/helper-module-imports-7.28.6.tgz 2794ms (cache miss)
1605 http fetch GET 200 https://registry.npmjs.org/@babel/helper-plugin-utils/-/helper-plugin-utils-7.28.6.tgz 2797ms (cache miss)
1606 http fetch GET 200 https://registry.npmjs.org/@babel/helper-validator-option/-/helper-validator-option-7.27.1.tgz 2799ms (cache miss)
1607 http fetch GET 200 https://registry.npmjs.org/convert-source-map/-/convert-source-map-2.0.0.tgz 2797ms (cache miss)
1608 http fetch GET 200 https://registry.npmjs.org/picocolors/-/picocolors-1.1.1.tgz 2800ms (cache miss)
1609 http fetch GET 200 https://registry.npmjs.org/@babel/helper-validator-identifier/-/helper-validator-identifier-7.28.5.tgz 2802ms (cache miss)
1610 http fetch GET 200 https://registry.npmjs.org/@types/babel__traverse/-/babel__traverse-7.28.0.tgz 2829ms (cache miss)
1611 http fetch GET 200 https://registry.npmjs.org/js-tokens/-/js-tokens-4.0.0.tgz 2820ms (cache miss)
1612 http fetch GET 200 https://registry.npmjs.org/gensync/-/gensync-1.0.0-beta.2.tgz 2818ms (cache miss)
1613 http fetch GET 200 https://registry.npmjs.org/ansi-styles/-/ansi-styles-4.3.0.tgz 2876ms (cache miss)
1614 http fetch GET 200 https://registry.npmjs.org/jsesc/-/jsesc-3.1.0.tgz 2844ms (cache miss)
1615 http fetch GET 200 https://registry.npmjs.org/@types/babel__core/-/babel__core-7.20.5.tgz 2837ms (cache miss)
1616 http fetch GET 200 https://registry.npmjs.org/esbuild/-/esbuild-0.27.3.tgz 2916ms (cache miss)
1617 http fetch GET 200 https://registry.npmjs.org/@babel/helper-string-parser/-/helper-string-parser-7.27.1.tgz 2908ms (cache miss)
1618 http fetch GET 200 https://registry.npmjs.org/@rolldown/pluginutils/-/pluginutils-1.0.0-rc.3.tgz 2894ms (cache miss)
1619 http fetch GET 200 https://registry.npmjs.org/@eslint/js/-/js-9.39.3.tgz 2927ms (cache miss)
1620 http fetch GET 200 https://registry.npmjs.org/optionator/-/optionator-0.9.4.tgz 2987ms (cache miss)
1621 http fetch GET 200 https://registry.npmjs.org/argparse/-/argparse-2.0.1.tgz 3016ms (cache miss)
1622 http fetch GET 200 https://registry.npmjs.org/@eslint/core/-/core-0.17.0.tgz 2980ms (cache miss)
1623 http fetch GET 200 https://registry.npmjs.org/eslint-plugin-react-refresh/-/eslint-plugin-react-refresh-0.4.26.tgz 2961ms (cache miss)
1624 http fetch GET 200 https://registry.npmjs.org/deep-is/-/deep-is-0.1.4.tgz 3036ms (cache miss)
1625 http fetch GET 200 https://registry.npmjs.org/picomatch/-/picomatch-4.0.3.tgz 3044ms (cache miss)
1626 http fetch GET 200 https://registry.npmjs.org/node-releases/-/node-releases-2.0.36.tgz 2992ms (cache miss)
1627 http fetch GET 200 https://registry.npmjs.org/@types/estree/-/estree-1.0.8.tgz 2998ms (cache miss)
1628 http fetch GET 200 https://registry.npmjs.org/@babel/code-frame/-/code-frame-7.29.0.tgz 2991ms (cache miss)
1629 http fetch GET 200 https://registry.npmjs.org/@babel/plugin-transform-react-jsx-source/-/plugin-transform-react-jsx-source-7.27.1.tgz 3013ms (cache miss)
1630 http fetch GET 200 https://registry.npmjs.org/escalade/-/escalade-3.2.0.tgz 3092ms (cache miss)
1631 http fetch GET 200 https://registry.npmjs.org/flat-cache/-/flat-cache-4.0.1.tgz 3083ms (cache miss)
1632 http fetch GET 200 https://registry.npmjs.org/color-convert/-/color-convert-2.0.1.tgz 3090ms (cache miss)
1633 http fetch GET 200 https://registry.npmjs.org/prelude-ls/-/prelude-ls-1.2.1.tgz 3105ms (cache miss)
1634 http fetch GET 200 https://registry.npmjs.org/semver/-/semver-6.3.1.tgz 3076ms (cache miss)
1635 http fetch GET 200 https://registry.npmjs.org/esutils/-/esutils-2.0.3.tgz 3107ms (cache miss)
1636 http fetch GET 200 https://registry.npmjs.org/debug/-/debug-4.4.3.tgz 3093ms (cache miss)
1637 http fetch GET 200 https://registry.npmjs.org/@humanfs/node/-/node-0.16.7.tgz 3182ms (cache miss)
1638 http fetch GET 200 https://registry.npmjs.org/@jridgewell/resolve-uri/-/resolve-uri-3.1.2.tgz 3186ms (cache miss)
1639 http fetch GET 200 https://registry.npmjs.org/@humanwhocodes/module-importer/-/module-importer-1.0.1.tgz 3223ms (cache miss)
1640 http fetch GET 200 https://registry.npmjs.org/espree/-/espree-10.4.0.tgz 3276ms (cache miss)
1641 http fetch GET 200 https://registry.npmjs.org/@types/react-dom/-/react-dom-19.2.3.tgz 3241ms (cache miss)
1642 http fetch GET 200 https://registry.npmjs.org/@babel/plugin-transform-react-jsx-self/-/plugin-transform-react-jsx-self-7.27.1.tgz 3245ms (cache miss)
1643 http fetch GET 200 https://registry.npmjs.org/globals/-/globals-16.5.0.tgz 3246ms (cache miss)
1644 http fetch GET 200 https://registry.npmjs.org/@eslint/object-schema/-/object-schema-2.1.7.tgz 3302ms (cache miss)
1645 http fetch GET 200 https://registry.npmjs.org/baseline-browser-mapping/-/baseline-browser-mapping-2.10.0.tgz 3299ms (cache miss)
1646 http fetch GET 200 https://registry.npmjs.org/react-refresh/-/react-refresh-0.18.0.tgz 3284ms (cache miss)
1647 http fetch GET 200 https://registry.npmjs.org/eslint-visitor-keys/-/eslint-visitor-keys-3.4.3.tgz 3267ms (cache miss)
1648 http fetch GET 200 https://registry.npmjs.org/globals/-/globals-14.0.0.tgz 3300ms (cache miss)
1649 http fetch GET 200 https://registry.npmjs.org/@eslint/plugin-kit/-/plugin-kit-0.4.1.tgz 3585ms (cache miss)
1650 http fetch GET 200 https://registry.npmjs.org/browserslist/-/browserslist-4.28.1.tgz 3594ms (cache miss)
1651 http fetch GET 200 https://registry.npmjs.org/flatted/-/flatted-3.3.4.tgz 3738ms (cache miss)
1652 http fetch GET 200 https://registry.npmjs.org/json-stable-stringify-without-jsonify/-/json-stable-stringify-without-jsonify-1.0.1.tgz 3721ms (cache miss)
1653 http fetch GET 200 https://registry.npmjs.org/@eslint-community/regexpp/-/regexpp-4.12.2.tgz 3708ms (cache miss)
1654 http fetch GET 200 https://registry.npmjs.org/electron-to-chromium/-/electron-to-chromium-1.5.307.tgz 3714ms (cache miss)
1655 http fetch GET 200 https://registry.npmjs.org/source-map-js/-/source-map-js-1.2.1.tgz 3777ms (cache miss)
1656 http fetch GET 200 https://registry.npmjs.org/eslint-scope/-/eslint-scope-8.4.0.tgz 3748ms (cache miss)
1657 http fetch GET 200 https://registry.npmjs.org/@vitejs/plugin-react/-/plugin-react-5.1.4.tgz 3719ms (cache miss)
1658 http fetch GET 200 https://registry.npmjs.org/@babel/compat-data/-/compat-data-7.29.0.tgz 3754ms (cache miss)
1659 http fetch GET 200 https://registry.npmjs.org/@eslint-community/eslint-utils/-/eslint-utils-4.9.1.tgz 3778ms (cache miss)
1660 http fetch GET 200 https://registry.npmjs.org/acorn/-/acorn-8.16.0.tgz 3814ms (cache miss)
1661 http fetch GET 200 https://registry.npmjs.org/zod-validation-error/-/zod-validation-error-4.0.2.tgz 3846ms (cache miss)
1662 http fetch GET 200 https://registry.npmjs.org/hermes-estree/-/hermes-estree-0.25.1.tgz 3877ms (cache miss)
1663 http fetch GET 200 https://registry.npmjs.org/@babel/helper-compilation-targets/-/helper-compilation-targets-7.28.6.tgz 3848ms (cache miss)
1664 http fetch GET 200 https://registry.npmjs.org/@babel/helper-module-transforms/-/helper-module-transforms-7.28.6.tgz 3886ms (cache miss)
1665 http fetch GET 200 https://registry.npmjs.org/@babel/template/-/template-7.28.6.tgz 3900ms (cache miss)
1666 http fetch GET 200 https://registry.npmjs.org/json5/-/json5-2.2.3.tgz 3971ms (cache miss)
1667 http fetch GET 200 https://registry.npmjs.org/@types/react/-/react-19.2.14.tgz 3992ms (cache miss)
1668 http fetch GET 200 https://registry.npmjs.org/csstype/-/csstype-3.2.3.tgz 4002ms (cache miss)
1669 http fetch GET 200 https://registry.npmjs.org/@eslint/config-array/-/config-array-0.21.1.tgz 4028ms (cache miss)
1670 http fetch GET 200 https://registry.npmjs.org/@jridgewell/sourcemap-codec/-/sourcemap-codec-1.5.5.tgz 4122ms (cache miss)
1671 http fetch GET 200 https://registry.npmjs.org/esquery/-/esquery-1.7.0.tgz 4173ms (cache miss)
1672 http fetch GET 200 https://registry.npmjs.org/react/-/react-19.2.4.tgz 4189ms (cache miss)
1673 http fetch GET 200 https://registry.npmjs.org/@jridgewell/gen-mapping/-/gen-mapping-0.3.13.tgz 4220ms (cache miss)
1674 http fetch GET 200 https://registry.npmjs.org/@jridgewell/remapping/-/remapping-2.3.5.tgz 4245ms (cache miss)
1675 http fetch GET 200 https://registry.npmjs.org/@rollup/rollup-win32-x64-gnu/-/rollup-win32-x64-gnu-4.59.0.tgz 4330ms (cache miss)
1676 http fetch GET 200 https://registry.npmjs.org/js-yaml/-/js-yaml-4.1.1.tgz 4375ms (cache miss)
1677 http fetch GET 200 https://registry.npmjs.org/@babel/parser/-/parser-7.29.0.tgz 4417ms (cache miss)
1678 http fetch GET 200 https://registry.npmjs.org/@rollup/rollup-win32-x64-msvc/-/rollup-win32-x64-msvc-4.59.0.tgz 4497ms (cache miss)
1679 http fetch GET 200 https://registry.npmjs.org/@eslint/eslintrc/-/eslintrc-3.3.4.tgz 4450ms (cache miss)
1680 http fetch GET 200 https://registry.npmjs.org/postcss/-/postcss-8.5.8.tgz 4631ms (cache miss)
1681 http fetch GET 200 https://registry.npmjs.org/@babel/generator/-/generator-7.29.1.tgz 4585ms (cache miss)
1682 http fetch GET 200 https://registry.npmjs.org/@jridgewell/trace-mapping/-/trace-mapping-0.3.31.tgz 4638ms (cache miss)
1683 http fetch GET 200 https://registry.npmjs.org/uri-js/-/uri-js-4.4.1.tgz 4712ms (cache miss)
1684 http fetch GET 200 https://registry.npmjs.org/hermes-parser/-/hermes-parser-0.25.1.tgz 4771ms (cache miss)
1685 http fetch GET 200 https://registry.npmjs.org/rollup/-/rollup-4.59.0.tgz 4836ms (cache miss)
1686 http fetch GET 200 https://registry.npmjs.org/eslint-plugin-react-hooks/-/eslint-plugin-react-hooks-7.0.1.tgz 4775ms (cache miss)
1687 http fetch GET 200 https://registry.npmjs.org/vite/-/vite-7.3.1.tgz 4837ms (cache miss)
1688 http fetch GET 200 https://registry.npmjs.org/@babel/traverse/-/traverse-7.29.0.tgz 4847ms (cache miss)
1689 http fetch GET 200 https://registry.npmjs.org/ajv/-/ajv-6.14.0.tgz 5067ms (cache miss)
1690 http fetch GET 200 https://registry.npmjs.org/@babel/core/-/core-7.29.0.tgz 5270ms (cache miss)
1691 http fetch GET 200 https://registry.npmjs.org/@esbuild/win32-x64/-/win32-x64-0.27.3.tgz 5505ms (cache miss)
1692 http fetch GET 200 https://registry.npmjs.org/react-dom/-/react-dom-19.2.4.tgz 5484ms (cache miss)
1693 http fetch GET 200 https://registry.npmjs.org/@babel/types/-/types-7.29.0.tgz 5739ms (cache miss)
1694 http fetch GET 200 https://registry.npmjs.org/@babel/helpers/-/helpers-7.28.6.tgz 5802ms (cache miss)
1695 http fetch GET 200 https://registry.npmjs.org/eslint/-/eslint-9.39.3.tgz 6755ms (cache miss)
1696 http fetch GET 200 https://registry.npmjs.org/zod/-/zod-4.3.6.tgz 7803ms (cache miss)
1697 http fetch GET 200 https://registry.npmjs.org/caniuse-lite/-/caniuse-lite-1.0.30001776.tgz 8144ms (cache miss)
1698 info run esbuild@0.27.3 postinstall node_modules/esbuild node install.js
1699 info run esbuild@0.27.3 postinstall { code: 0, signal: null }
1700 silly ADD node_modules/isexe
1701 silly ADD node_modules/@rollup/rollup-win32-x64-msvc
1702 silly ADD node_modules/@rollup/rollup-win32-x64-gnu
1703 silly ADD node_modules/@rollup/rollup-win32-ia32-msvc
1704 silly ADD node_modules/@rollup/rollup-win32-arm64-msvc
1705 silly ADD node_modules/@rollup/rollup-openharmony-arm64
1706 silly ADD node_modules/@rollup/rollup-openbsd-x64
1707 silly ADD node_modules/@rollup/rollup-linux-x64-musl
1708 silly ADD node_modules/@rollup/rollup-linux-x64-gnu
1709 silly ADD node_modules/@rollup/rollup-linux-s390x-gnu
1710 silly ADD node_modules/@rollup/rollup-linux-riscv64-musl
1711 silly ADD node_modules/@rollup/rollup-linux-riscv64-gnu
1712 silly ADD node_modules/@rollup/rollup-linux-ppc64-musl
1713 silly ADD node_modules/@rollup/rollup-linux-ppc64-gnu
1714 silly ADD node_modules/@rollup/rollup-linux-loong64-musl
1715 silly ADD node_modules/@rollup/rollup-linux-loong64-gnu
1716 silly ADD node_modules/@rollup/rollup-linux-arm64-musl
1717 silly ADD node_modules/@rollup/rollup-linux-arm64-gnu
1718 silly ADD node_modules/@rollup/rollup-linux-arm-musleabihf
1719 silly ADD node_modules/@rollup/rollup-linux-arm-gnueabihf
1720 silly ADD node_modules/@rollup/rollup-freebsd-x64
1721 silly ADD node_modules/@rollup/rollup-freebsd-arm64
1722 silly ADD node_modules/@rollup/rollup-darwin-x64
1723 silly ADD node_modules/@rollup/rollup-darwin-arm64
1724 silly ADD node_modules/@rollup/rollup-android-arm64
1725 silly ADD node_modules/@rollup/rollup-android-arm-eabi
1726 silly ADD node_modules/source-map-js
1727 silly ADD node_modules/nanoid
1728 silly ADD node_modules/@esbuild/win32-x64
1729 silly ADD node_modules/@esbuild/win32-ia32
1730 silly ADD node_modules/@esbuild/win32-arm64
1731 silly ADD node_modules/@esbuild/sunos-x64
1732 silly ADD node_modules/@esbuild/openharmony-arm64
1733 silly ADD node_modules/@esbuild/openbsd-x64
1734 silly ADD node_modules/@esbuild/openbsd-arm64
1735 silly ADD node_modules/@esbuild/netbsd-x64
1736 silly ADD node_modules/@esbuild/netbsd-arm64
1737 silly ADD node_modules/@esbuild/linux-x64
1738 silly ADD node_modules/@esbuild/linux-s390x
1739 silly ADD node_modules/@esbuild/linux-riscv64
1740 silly ADD node_modules/@esbuild/linux-ppc64
1741 silly ADD node_modules/@esbuild/linux-mips64el
1742 silly ADD node_modules/@esbuild/linux-loong64
1743 silly ADD node_modules/@esbuild/linux-ia32
1744 silly ADD node_modules/@esbuild/linux-arm64
1745 silly ADD node_modules/@esbuild/linux-arm
1746 silly ADD node_modules/@esbuild/freebsd-x64
1747 silly ADD node_modules/@esbuild/freebsd-arm64
1748 silly ADD node_modules/@esbuild/darwin-x64
1749 silly ADD node_modules/@esbuild/darwin-arm64
1750 silly ADD node_modules/@esbuild/android-x64
1751 silly ADD node_modules/@esbuild/android-arm64
1752 silly ADD node_modules/@esbuild/android-arm
1753 silly ADD node_modules/@esbuild/aix-ppc64
1754 silly ADD node_modules/tinyglobby
1755 silly ADD node_modules/rollup
1756 silly ADD node_modules/postcss
1757 silly ADD node_modules/picomatch
1758 silly ADD node_modules/fsevents
1759 silly ADD node_modules/fdir
1760 silly ADD node_modules/esbuild
1761 silly ADD node_modules/punycode
1762 silly ADD node_modules/escalade
1763 silly ADD node_modules/has-flag
1764 silly ADD node_modules/shebang-regex
1765 silly ADD node_modules/scheduler
1766 silly ADD node_modules/callsites
1767 silly ADD node_modules/yocto-queue
1768 silly ADD node_modules/p-limit
1769 silly ADD node_modules/word-wrap
1770 silly ADD node_modules/fast-levenshtein
1771 silly ADD node_modules/deep-is
1772 silly ADD node_modules/concat-map
1773 silly ADD node_modules/balanced-match
1774 silly ADD node_modules/brace-expansion
1775 silly ADD node_modules/yallist
1776 silly ADD node_modules/p-locate
1777 silly ADD node_modules/type-check
1778 silly ADD node_modules/prelude-ls
1779 silly ADD node_modules/json-buffer
1780 silly ADD node_modules/argparse
1781 silly ADD node_modules/is-extglob
1782 silly ADD node_modules/resolve-from
1783 silly ADD node_modules/parent-module
1784 silly ADD node_modules/hermes-estree
1785 silly ADD node_modules/keyv
1786 silly ADD node_modules/flatted
1787 silly ADD node_modules/path-exists
1788 silly ADD node_modules/locate-path
1789 silly ADD node_modules/flat-cache
1790 silly ADD node_modules/acorn-jsx
1791 silly ADD node_modules/acorn
1792 silly ADD node_modules/estraverse
1793 silly ADD node_modules/esrecurse
1794 silly ADD node_modules/zod-validation-error
1795 silly ADD node_modules/zod
1796 silly ADD node_modules/hermes-parser
1797 silly ADD node_modules/which
1798 silly ADD node_modules/shebang-command
1799 silly ADD node_modules/path-key
1800 silly ADD node_modules/color-name
1801 silly ADD node_modules/color-convert
1802 silly ADD node_modules/supports-color
1803 silly ADD node_modules/ansi-styles
1804 silly ADD node_modules/uri-js
1805 silly ADD node_modules/json-schema-traverse
1806 silly ADD node_modules/fast-json-stable-stringify
1807 silly ADD node_modules/@humanfs/core
1808 silly ADD node_modules/levn
1809 silly ADD node_modules/strip-json-comments
1810 silly ADD node_modules/js-yaml
1811 silly ADD node_modules/import-fresh
1812 silly ADD node_modules/@types/json-schema
1813 silly ADD node_modules/@eslint/object-schema
1814 silly ADD node_modules/optionator
1815 silly ADD node_modules/natural-compare
1816 silly ADD node_modules/minimatch
1817 silly ADD node_modules/lodash.merge
1818 silly ADD node_modules/json-stable-stringify-without-jsonify
1819 silly ADD node_modules/is-glob
1820 silly ADD node_modules/imurmurhash
1821 silly ADD node_modules/ignore
1822 silly ADD node_modules/glob-parent
1823 silly ADD node_modules/find-up
1824 silly ADD node_modules/file-entry-cache
1825 silly ADD node_modules/fast-deep-equal
1826 silly ADD node_modules/esutils
1827 silly ADD node_modules/esquery
1828 silly ADD node_modules/espree
1829 silly ADD node_modules/eslint-visitor-keys
1830 silly ADD node_modules/eslint-scope
1831 silly ADD node_modules/escape-string-regexp
1832 silly ADD node_modules/cross-spawn
1833 silly ADD node_modules/chalk
1834 silly ADD node_modules/ajv
1835 silly ADD node_modules/@types/estree
1836 silly ADD node_modules/@humanwhocodes/retry
1837 silly ADD node_modules/@humanwhocodes/module-importer
1838 silly ADD node_modules/@humanfs/node
1839 silly ADD node_modules/@eslint/plugin-kit
1840 silly ADD node_modules/@eslint/eslintrc
1841 silly ADD node_modules/@eslint/eslintrc/node_modules/globals
1842 silly ADD node_modules/@eslint/core
1843 silly ADD node_modules/@eslint/config-helpers
1844 silly ADD node_modules/@eslint/config-array
1845 silly ADD node_modules/@eslint-community/regexpp
1846 silly ADD node_modules/@eslint-community/eslint-utils
1847 silly ADD node_modules/@eslint-community/eslint-utils/node_modules/eslint-visitor-keys
1848 silly ADD node_modules/ms
1849 silly ADD node_modules/update-browserslist-db
1850 silly ADD node_modules/node-releases
1851 silly ADD node_modules/electron-to-chromium
1852 silly ADD node_modules/caniuse-lite
1853 silly ADD node_modules/baseline-browser-mapping
1854 silly ADD node_modules/@types/babel__traverse
1855 silly ADD node_modules/@types/babel__template
1856 silly ADD node_modules/@types/babel__generator
1857 silly ADD node_modules/@jridgewell/resolve-uri
1858 silly ADD node_modules/@jridgewell/sourcemap-codec
1859 silly ADD node_modules/@babel/helper-string-parser
1860 silly ADD node_modules/@babel/helper-globals
1861 silly ADD node_modules/@babel/helper-plugin-utils
1862 silly ADD node_modules/@babel/helper-module-imports
1863 silly ADD node_modules/lru-cache
1864 silly ADD node_modules/browserslist
1865 silly ADD node_modules/@babel/helper-validator-option
1866 silly ADD node_modules/@babel/compat-data
1867 silly ADD node_modules/jsesc
1868 silly ADD node_modules/@jridgewell/trace-mapping
1869 silly ADD node_modules/@jridgewell/gen-mapping
1870 silly ADD node_modules/picocolors
1871 silly ADD node_modules/js-tokens
1872 silly ADD node_modules/@babel/helper-validator-identifier
1873 silly ADD node_modules/semver
1874 silly ADD node_modules/json5
1875 silly ADD node_modules/gensync
1876 silly ADD node_modules/debug
1877 silly ADD node_modules/convert-source-map
1878 silly ADD node_modules/@jridgewell/remapping
1879 silly ADD node_modules/@babel/types
1880 silly ADD node_modules/@babel/traverse
1881 silly ADD node_modules/@babel/template
1882 silly ADD node_modules/@babel/parser
1883 silly ADD node_modules/@babel/helpers
1884 silly ADD node_modules/@babel/helper-module-transforms
1885 silly ADD node_modules/@babel/helper-compilation-targets
1886 silly ADD node_modules/@babel/generator
1887 silly ADD node_modules/@babel/code-frame
1888 silly ADD node_modules/react-refresh
1889 silly ADD node_modules/@types/babel__core
1890 silly ADD node_modules/@rolldown/pluginutils
1891 silly ADD node_modules/@babel/plugin-transform-react-jsx-source
1892 silly ADD node_modules/@babel/plugin-transform-react-jsx-self
1893 silly ADD node_modules/@babel/core
1894 silly ADD node_modules/csstype
1895 silly ADD node_modules/vite
1896 silly ADD node_modules/react-dom
1897 silly ADD node_modules/react
1898 silly ADD node_modules/globals
1899 silly ADD node_modules/eslint-plugin-react-refresh
1900 silly ADD node_modules/eslint-plugin-react-hooks
1901 silly ADD node_modules/eslint
1902 silly ADD node_modules/@vitejs/plugin-react
1903 silly ADD node_modules/@types/react-dom
1904 silly ADD node_modules/@types/react
1905 silly ADD node_modules/@eslint/js
1906 verbose cwd C:\Users\sohar\OneDrive\Desktop\aaa\todo-app\todo-app
1907 verbose os Windows_NT 10.0.26200
1908 verbose node v22.17.0
1909 verbose npm  v11.5.1
1910 verbose exit 0
1911 info ok
